video_id,original_id,speed_group,video_path,target_speed
HXhYD9z_DlE_000061_000071_fast,HXhYD9z_DlE_000061_000071,fast,/home/luis.izaguirre/video_features_proy/VideoPrediction/experiments/videos/counterfactuals/k400/fast/HXhYD9z_DlE_000061_000071_fast.mp4,2.0
HXhYD9z_DlE_000061_000071_slow,HXhYD9z_DlE_000061_000071,slow,/home/luis.izaguirre/video_features_proy/VideoPrediction/experiments/videos/counterfactuals/k400/slow/HXhYD9z_DlE_000061_000071_slow.mp4,0.5
vpFfq6ROlhM_000042_000052_fast,vpFfq6ROlhM_000042_000052,fast,/home/luis.izaguirre/video_features_proy/VideoPrediction/experiments/videos/counterfactuals/k400/fast/vpFfq6ROlhM_000042_000052_fast.mp4,2.0
vpFfq6ROlhM_000042_000052_slow,vpFfq6ROlhM_000042_000052,slow,/home/luis.izaguirre/video_features_proy/VideoPrediction/experiments/videos/counterfactuals/k400/slow/vpFfq6ROlhM_000042_000052_slow.mp4,0.5
BLLQVSig85g_000007_000017_fast,BLLQVSig85g_000007_000017,fast,/home/luis.izaguirre/video_features_proy/VideoPrediction/experiments/videos/counterfactuals/k400/fast/BLLQVSig85g_000007_000017_fast.mp4,2.0
BLLQVSig85g_000007_000017_slow,BLLQVSig85g_000007_000017,slow,/home/luis.izaguirre/video_features_proy/VideoPrediction/experiments/videos/counterfactuals/k400/slow/BLLQVSig85g_000007_000017_slow.mp4,0.5
UytdOEGAZbs_000014_000024_fast,UytdOEGAZbs_000014_000024,fast,/home/luis.izaguirre/video_features_proy/VideoPrediction/experiments/videos/counterfactuals/k400/fast/UytdOEGAZbs_000014_000024_fast.mp4,2.0
UytdOEGAZbs_000014_000024_slow,UytdOEGAZbs_000014_000024,slow,/home/luis.izaguirre/video_features_proy/VideoPrediction/experiments/videos/counterfactuals/k400/slow/UytdOEGAZbs_000014_000024_slow.mp4,0.5
1a_Zi7bW3g8_000006_000016_fast,1a_Zi7bW3g8_000006_000016,fast,/home/luis.izaguirre/video_features_proy/VideoPrediction/experiments/videos/counterfactuals/k400/fast/1a_Zi7bW3g8_000006_000016_fast.mp4,2.0
1a_Zi7bW3g8_000006_000016_slow,1a_Zi7bW3g8_000006_000016,slow,/home/luis.izaguirre/video_features_proy/VideoPrediction/experiments/videos/counterfactuals/k400/slow/1a_Zi7bW3g8_000006_000016_slow.mp4,0.5
BE8c82RsBCM_000215_000225_fast,BE8c82RsBCM_000215_000225,fast,/home/luis.izaguirre/video_features_proy/VideoPrediction/experiments/videos/counterfactuals/k400/fast/BE8c82RsBCM_000215_000225_fast.mp4,2.0
BE8c82RsBCM_000215_000225_slow,BE8c82RsBCM_000215_000225,slow,/home/luis.izaguirre/video_features_proy/VideoPrediction/experiments/videos/counterfactuals/k400/slow/BE8c82RsBCM_000215_000225_slow.mp4,0.5
Xq7L2ysxV_U_000055_000065_fast,Xq7L2ysxV_U_000055_000065,fast,/home/luis.izaguirre/video_features_proy/VideoPrediction/experiments/videos/counterfactuals/k400/fast/Xq7L2ysxV_U_000055_000065_fast.mp4,2.0
Xq7L2ysxV_U_000055_000065_slow,Xq7L2ysxV_U_000055_000065,slow,/home/luis.izaguirre/video_features_proy/VideoPrediction/experiments/videos/counterfactuals/k400/slow/Xq7L2ysxV_U_000055_000065_slow.mp4,0.5
ClamGMwUegM_000002_000012_fast,ClamGMwUegM_000002_000012,fast,/home/luis.izaguirre/video_features_proy/VideoPrediction/experiments/videos/counterfactuals/k400/fast/ClamGMwUegM_000002_000012_fast.mp4,2.0
ClamGMwUegM_000002_000012_slow,ClamGMwUegM_000002_000012,slow,/home/luis.izaguirre/video_features_proy/VideoPrediction/experiments/videos/counterfactuals/k400/slow/ClamGMwUegM_000002_000012_slow.mp4,0.5
vKjgKN76_h4_000053_000063_fast,vKjgKN76_h4_000053_000063,fast,/home/luis.izaguirre/video_features_proy/VideoPrediction/experiments/videos/counterfactuals/k400/fast/vKjgKN76_h4_000053_000063_fast.mp4,2.0
vKjgKN76_h4_000053_000063_slow,vKjgKN76_h4_000053_000063,slow,/home/luis.izaguirre/video_features_proy/VideoPrediction/experiments/videos/counterfactuals/k400/slow/vKjgKN76_h4_000053_000063_slow.mp4,0.5
gB1UwlVlAcA_000024_000034_fast,gB1UwlVlAcA_000024_000034,fast,/home/luis.izaguirre/video_features_proy/VideoPrediction/experiments/videos/counterfactuals/k400/fast/gB1UwlVlAcA_000024_000034_fast.mp4,2.0
gB1UwlVlAcA_000024_000034_slow,gB1UwlVlAcA_000024_000034,slow,/home/luis.izaguirre/video_features_proy/VideoPrediction/experiments/videos/counterfactuals/k400/slow/gB1UwlVlAcA_000024_000034_slow.mp4,0.5
qd94qxF_nX0_000037_000047_fast,qd94qxF_nX0_000037_000047,fast,/home/luis.izaguirre/video_features_proy/VideoPrediction/experiments/videos/counterfactuals/k400/fast/qd94qxF_nX0_000037_000047_fast.mp4,2.0
qd94qxF_nX0_000037_000047_slow,qd94qxF_nX0_000037_000047,slow,/home/luis.izaguirre/video_features_proy/VideoPrediction/experiments/videos/counterfactuals/k400/slow/qd94qxF_nX0_000037_000047_slow.mp4,0.5
tVB5jD87g4s_000100_000110_fast,tVB5jD87g4s_000100_000110,fast,/home/luis.izaguirre/video_features_proy/VideoPrediction/experiments/videos/counterfactuals/k400/fast/tVB5jD87g4s_000100_000110_fast.mp4,2.0
tVB5jD87g4s_000100_000110_slow,tVB5jD87g4s_000100_000110,slow,/home/luis.izaguirre/video_features_proy/VideoPrediction/experiments/videos/counterfactuals/k400/slow/tVB5jD87g4s_000100_000110_slow.mp4,0.5
9gqpyYvwiio_000002_000012_fast,9gqpyYvwiio_000002_000012,fast,/home/luis.izaguirre/video_features_proy/VideoPrediction/experiments/videos/counterfactuals/k400/fast/9gqpyYvwiio_000002_000012_fast.mp4,2.0
9gqpyYvwiio_000002_000012_slow,9gqpyYvwiio_000002_000012,slow,/home/luis.izaguirre/video_features_proy/VideoPrediction/experiments/videos/counterfactuals/k400/slow/9gqpyYvwiio_000002_000012_slow.mp4,0.5
XqSveCVT1Ko_000018_000028_fast,XqSveCVT1Ko_000018_000028,fast,/home/luis.izaguirre/video_features_proy/VideoPrediction/experiments/videos/counterfactuals/k400/fast/XqSveCVT1Ko_000018_000028_fast.mp4,2.0
XqSveCVT1Ko_000018_000028_slow,XqSveCVT1Ko_000018_000028,slow,/home/luis.izaguirre/video_features_proy/VideoPrediction/experiments/videos/counterfactuals/k400/slow/XqSveCVT1Ko_000018_000028_slow.mp4,0.5
ur5Hfd3R7iM_000133_000143_fast,ur5Hfd3R7iM_000133_000143,fast,/home/luis.izaguirre/video_features_proy/VideoPrediction/experiments/videos/counterfactuals/k400/fast/ur5Hfd3R7iM_000133_000143_fast.mp4,2.0
ur5Hfd3R7iM_000133_000143_slow,ur5Hfd3R7iM_000133_000143,slow,/home/luis.izaguirre/video_features_proy/VideoPrediction/experiments/videos/counterfactuals/k400/slow/ur5Hfd3R7iM_000133_000143_slow.mp4,0.5
XxPINsFUOFs_000014_000024_fast,XxPINsFUOFs_000014_000024,fast,/home/luis.izaguirre/video_features_proy/VideoPrediction/experiments/videos/counterfactuals/k400/fast/XxPINsFUOFs_000014_000024_fast.mp4,2.0
XxPINsFUOFs_000014_000024_slow,XxPINsFUOFs_000014_000024,slow,/home/luis.izaguirre/video_features_proy/VideoPrediction/experiments/videos/counterfactuals/k400/slow/XxPINsFUOFs_000014_000024_slow.mp4,0.5
OlF1BLKsC3E_000059_000069_fast,OlF1BLKsC3E_000059_000069,fast,/home/luis.izaguirre/video_features_proy/VideoPrediction/experiments/videos/counterfactuals/k400/fast/OlF1BLKsC3E_000059_000069_fast.mp4,2.0
OlF1BLKsC3E_000059_000069_slow,OlF1BLKsC3E_000059_000069,slow,/home/luis.izaguirre/video_features_proy/VideoPrediction/experiments/videos/counterfactuals/k400/slow/OlF1BLKsC3E_000059_000069_slow.mp4,0.5
EfQNF30Za_E_000008_000018_fast,EfQNF30Za_E_000008_000018,fast,/home/luis.izaguirre/video_features_proy/VideoPrediction/experiments/videos/counterfactuals/k400/fast/EfQNF30Za_E_000008_000018_fast.mp4,2.0
EfQNF30Za_E_000008_000018_slow,EfQNF30Za_E_000008_000018,slow,/home/luis.izaguirre/video_features_proy/VideoPrediction/experiments/videos/counterfactuals/k400/slow/EfQNF30Za_E_000008_000018_slow.mp4,0.5
ID2uAn3xDrQ_000002_000012_fast,ID2uAn3xDrQ_000002_000012,fast,/home/luis.izaguirre/video_features_proy/VideoPrediction/experiments/videos/counterfactuals/k400/fast/ID2uAn3xDrQ_000002_000012_fast.mp4,2.0
ID2uAn3xDrQ_000002_000012_slow,ID2uAn3xDrQ_000002_000012,slow,/home/luis.izaguirre/video_features_proy/VideoPrediction/experiments/videos/counterfactuals/k400/slow/ID2uAn3xDrQ_000002_000012_slow.mp4,0.5
WAoaX7rXhFQ_000003_000013_fast,WAoaX7rXhFQ_000003_000013,fast,/home/luis.izaguirre/video_features_proy/VideoPrediction/experiments/videos/counterfactuals/k400/fast/WAoaX7rXhFQ_000003_000013_fast.mp4,2.0
WAoaX7rXhFQ_000003_000013_slow,WAoaX7rXhFQ_000003_000013,slow,/home/luis.izaguirre/video_features_proy/VideoPrediction/experiments/videos/counterfactuals/k400/slow/WAoaX7rXhFQ_000003_000013_slow.mp4,0.5
Xdnh7krnMJs_000339_000349_fast,Xdnh7krnMJs_000339_000349,fast,/home/luis.izaguirre/video_features_proy/VideoPrediction/experiments/videos/counterfactuals/k400/fast/Xdnh7krnMJs_000339_000349_fast.mp4,2.0
Xdnh7krnMJs_000339_000349_slow,Xdnh7krnMJs_000339_000349,slow,/home/luis.izaguirre/video_features_proy/VideoPrediction/experiments/videos/counterfactuals/k400/slow/Xdnh7krnMJs_000339_000349_slow.mp4,0.5
X6br-U6ex7g_000007_000017_fast,X6br-U6ex7g_000007_000017,fast,/home/luis.izaguirre/video_features_proy/VideoPrediction/experiments/videos/counterfactuals/k400/fast/X6br-U6ex7g_000007_000017_fast.mp4,2.0
X6br-U6ex7g_000007_000017_slow,X6br-U6ex7g_000007_000017,slow,/home/luis.izaguirre/video_features_proy/VideoPrediction/experiments/videos/counterfactuals/k400/slow/X6br-U6ex7g_000007_000017_slow.mp4,0.5
SYGDjUNLYB8_000170_000180_fast,SYGDjUNLYB8_000170_000180,fast,/home/luis.izaguirre/video_features_proy/VideoPrediction/experiments/videos/counterfactuals/k400/fast/SYGDjUNLYB8_000170_000180_fast.mp4,2.0
SYGDjUNLYB8_000170_000180_slow,SYGDjUNLYB8_000170_000180,slow,/home/luis.izaguirre/video_features_proy/VideoPrediction/experiments/videos/counterfactuals/k400/slow/SYGDjUNLYB8_000170_000180_slow.mp4,0.5
7PKOe3JlqCw_000031_000041_fast,7PKOe3JlqCw_000031_000041,fast,/home/luis.izaguirre/video_features_proy/VideoPrediction/experiments/videos/counterfactuals/k400/fast/7PKOe3JlqCw_000031_000041_fast.mp4,2.0
7PKOe3JlqCw_000031_000041_slow,7PKOe3JlqCw_000031_000041,slow,/home/luis.izaguirre/video_features_proy/VideoPrediction/experiments/videos/counterfactuals/k400/slow/7PKOe3JlqCw_000031_000041_slow.mp4,0.5
aIkVlJvMw00_000299_000309_fast,aIkVlJvMw00_000299_000309,fast,/home/luis.izaguirre/video_features_proy/VideoPrediction/experiments/videos/counterfactuals/k400/fast/aIkVlJvMw00_000299_000309_fast.mp4,2.0
aIkVlJvMw00_000299_000309_slow,aIkVlJvMw00_000299_000309,slow,/home/luis.izaguirre/video_features_proy/VideoPrediction/experiments/videos/counterfactuals/k400/slow/aIkVlJvMw00_000299_000309_slow.mp4,0.5
06zuUMKaa88_000007_000017_fast,06zuUMKaa88_000007_000017,fast,/home/luis.izaguirre/video_features_proy/VideoPrediction/experiments/videos/counterfactuals/k400/fast/06zuUMKaa88_000007_000017_fast.mp4,2.0
06zuUMKaa88_000007_000017_slow,06zuUMKaa88_000007_000017,slow,/home/luis.izaguirre/video_features_proy/VideoPrediction/experiments/videos/counterfactuals/k400/slow/06zuUMKaa88_000007_000017_slow.mp4,0.5
6VMzNLBiVF0_000047_000057_fast,6VMzNLBiVF0_000047_000057,fast,/home/luis.izaguirre/video_features_proy/VideoPrediction/experiments/videos/counterfactuals/k400/fast/6VMzNLBiVF0_000047_000057_fast.mp4,2.0
6VMzNLBiVF0_000047_000057_slow,6VMzNLBiVF0_000047_000057,slow,/home/luis.izaguirre/video_features_proy/VideoPrediction/experiments/videos/counterfactuals/k400/slow/6VMzNLBiVF0_000047_000057_slow.mp4,0.5
Tf8UWEa5zbc_000196_000206_fast,Tf8UWEa5zbc_000196_000206,fast,/home/luis.izaguirre/video_features_proy/VideoPrediction/experiments/videos/counterfactuals/k400/fast/Tf8UWEa5zbc_000196_000206_fast.mp4,2.0
Tf8UWEa5zbc_000196_000206_slow,Tf8UWEa5zbc_000196_000206,slow,/home/luis.izaguirre/video_features_proy/VideoPrediction/experiments/videos/counterfactuals/k400/slow/Tf8UWEa5zbc_000196_000206_slow.mp4,0.5
dpfJTo3nywA_000028_000038_fast,dpfJTo3nywA_000028_000038,fast,/home/luis.izaguirre/video_features_proy/VideoPrediction/experiments/videos/counterfactuals/k400/fast/dpfJTo3nywA_000028_000038_fast.mp4,2.0
dpfJTo3nywA_000028_000038_slow,dpfJTo3nywA_000028_000038,slow,/home/luis.izaguirre/video_features_proy/VideoPrediction/experiments/videos/counterfactuals/k400/slow/dpfJTo3nywA_000028_000038_slow.mp4,0.5
bp3tvU5mw-s_000003_000013_fast,bp3tvU5mw-s_000003_000013,fast,/home/luis.izaguirre/video_features_proy/VideoPrediction/experiments/videos/counterfactuals/k400/fast/bp3tvU5mw-s_000003_000013_fast.mp4,2.0
bp3tvU5mw-s_000003_000013_slow,bp3tvU5mw-s_000003_000013,slow,/home/luis.izaguirre/video_features_proy/VideoPrediction/experiments/videos/counterfactuals/k400/slow/bp3tvU5mw-s_000003_000013_slow.mp4,0.5
t9kVYlmuP8U_000001_000011_fast,t9kVYlmuP8U_000001_000011,fast,/home/luis.izaguirre/video_features_proy/VideoPrediction/experiments/videos/counterfactuals/k400/fast/t9kVYlmuP8U_000001_000011_fast.mp4,2.0
t9kVYlmuP8U_000001_000011_slow,t9kVYlmuP8U_000001_000011,slow,/home/luis.izaguirre/video_features_proy/VideoPrediction/experiments/videos/counterfactuals/k400/slow/t9kVYlmuP8U_000001_000011_slow.mp4,0.5
kHYg6HUvRGk_000001_000011_fast,kHYg6HUvRGk_000001_000011,fast,/home/luis.izaguirre/video_features_proy/VideoPrediction/experiments/videos/counterfactuals/k400/fast/kHYg6HUvRGk_000001_000011_fast.mp4,2.0
kHYg6HUvRGk_000001_000011_slow,kHYg6HUvRGk_000001_000011,slow,/home/luis.izaguirre/video_features_proy/VideoPrediction/experiments/videos/counterfactuals/k400/slow/kHYg6HUvRGk_000001_000011_slow.mp4,0.5
iNODSD0HOoE_000000_000010_fast,iNODSD0HOoE_000000_000010,fast,/home/luis.izaguirre/video_features_proy/VideoPrediction/experiments/videos/counterfactuals/k400/fast/iNODSD0HOoE_000000_000010_fast.mp4,2.0
iNODSD0HOoE_000000_000010_slow,iNODSD0HOoE_000000_000010,slow,/home/luis.izaguirre/video_features_proy/VideoPrediction/experiments/videos/counterfactuals/k400/slow/iNODSD0HOoE_000000_000010_slow.mp4,0.5
4VV5L7lhOjE_000017_000027_fast,4VV5L7lhOjE_000017_000027,fast,/home/luis.izaguirre/video_features_proy/VideoPrediction/experiments/videos/counterfactuals/k400/fast/4VV5L7lhOjE_000017_000027_fast.mp4,2.0
4VV5L7lhOjE_000017_000027_slow,4VV5L7lhOjE_000017_000027,slow,/home/luis.izaguirre/video_features_proy/VideoPrediction/experiments/videos/counterfactuals/k400/slow/4VV5L7lhOjE_000017_000027_slow.mp4,0.5
9fygsDgFWJE_000001_000011_fast,9fygsDgFWJE_000001_000011,fast,/home/luis.izaguirre/video_features_proy/VideoPrediction/experiments/videos/counterfactuals/k400/fast/9fygsDgFWJE_000001_000011_fast.mp4,2.0
9fygsDgFWJE_000001_000011_slow,9fygsDgFWJE_000001_000011,slow,/home/luis.izaguirre/video_features_proy/VideoPrediction/experiments/videos/counterfactuals/k400/slow/9fygsDgFWJE_000001_000011_slow.mp4,0.5
LIfu5LTuYak_000022_000032_fast,LIfu5LTuYak_000022_000032,fast,/home/luis.izaguirre/video_features_proy/VideoPrediction/experiments/videos/counterfactuals/k400/fast/LIfu5LTuYak_000022_000032_fast.mp4,2.0
LIfu5LTuYak_000022_000032_slow,LIfu5LTuYak_000022_000032,slow,/home/luis.izaguirre/video_features_proy/VideoPrediction/experiments/videos/counterfactuals/k400/slow/LIfu5LTuYak_000022_000032_slow.mp4,0.5
l6yiQOutQmQ_000662_000672_fast,l6yiQOutQmQ_000662_000672,fast,/home/luis.izaguirre/video_features_proy/VideoPrediction/experiments/videos/counterfactuals/k400/fast/l6yiQOutQmQ_000662_000672_fast.mp4,2.0
l6yiQOutQmQ_000662_000672_slow,l6yiQOutQmQ_000662_000672,slow,/home/luis.izaguirre/video_features_proy/VideoPrediction/experiments/videos/counterfactuals/k400/slow/l6yiQOutQmQ_000662_000672_slow.mp4,0.5
dWlTf1IGmJk_000012_000022_fast,dWlTf1IGmJk_000012_000022,fast,/home/luis.izaguirre/video_features_proy/VideoPrediction/experiments/videos/counterfactuals/k400/fast/dWlTf1IGmJk_000012_000022_fast.mp4,2.0
dWlTf1IGmJk_000012_000022_slow,dWlTf1IGmJk_000012_000022,slow,/home/luis.izaguirre/video_features_proy/VideoPrediction/experiments/videos/counterfactuals/k400/slow/dWlTf1IGmJk_000012_000022_slow.mp4,0.5
sAxiwj2TLuI_000014_000024_fast,sAxiwj2TLuI_000014_000024,fast,/home/luis.izaguirre/video_features_proy/VideoPrediction/experiments/videos/counterfactuals/k400/fast/sAxiwj2TLuI_000014_000024_fast.mp4,2.0
sAxiwj2TLuI_000014_000024_slow,sAxiwj2TLuI_000014_000024,slow,/home/luis.izaguirre/video_features_proy/VideoPrediction/experiments/videos/counterfactuals/k400/slow/sAxiwj2TLuI_000014_000024_slow.mp4,0.5
P_L4Tuvc3l0_000084_000094_fast,P_L4Tuvc3l0_000084_000094,fast,/home/luis.izaguirre/video_features_proy/VideoPrediction/experiments/videos/counterfactuals/k400/fast/P_L4Tuvc3l0_000084_000094_fast.mp4,2.0
P_L4Tuvc3l0_000084_000094_slow,P_L4Tuvc3l0_000084_000094,slow,/home/luis.izaguirre/video_features_proy/VideoPrediction/experiments/videos/counterfactuals/k400/slow/P_L4Tuvc3l0_000084_000094_slow.mp4,0.5
DiSP2oDGQ1Q_000014_000024_fast,DiSP2oDGQ1Q_000014_000024,fast,/home/luis.izaguirre/video_features_proy/VideoPrediction/experiments/videos/counterfactuals/k400/fast/DiSP2oDGQ1Q_000014_000024_fast.mp4,2.0
DiSP2oDGQ1Q_000014_000024_slow,DiSP2oDGQ1Q_000014_000024,slow,/home/luis.izaguirre/video_features_proy/VideoPrediction/experiments/videos/counterfactuals/k400/slow/DiSP2oDGQ1Q_000014_000024_slow.mp4,0.5
MyujOuytPWE_000003_000013_fast,MyujOuytPWE_000003_000013,fast,/home/luis.izaguirre/video_features_proy/VideoPrediction/experiments/videos/counterfactuals/k400/fast/MyujOuytPWE_000003_000013_fast.mp4,2.0
MyujOuytPWE_000003_000013_slow,MyujOuytPWE_000003_000013,slow,/home/luis.izaguirre/video_features_proy/VideoPrediction/experiments/videos/counterfactuals/k400/slow/MyujOuytPWE_000003_000013_slow.mp4,0.5
MOBC2AAtq8w_000000_000010_fast,MOBC2AAtq8w_000000_000010,fast,/home/luis.izaguirre/video_features_proy/VideoPrediction/experiments/videos/counterfactuals/k400/fast/MOBC2AAtq8w_000000_000010_fast.mp4,2.0
MOBC2AAtq8w_000000_000010_slow,MOBC2AAtq8w_000000_000010,slow,/home/luis.izaguirre/video_features_proy/VideoPrediction/experiments/videos/counterfactuals/k400/slow/MOBC2AAtq8w_000000_000010_slow.mp4,0.5
hrXPvtDU_VQ_000137_000147_fast,hrXPvtDU_VQ_000137_000147,fast,/home/luis.izaguirre/video_features_proy/VideoPrediction/experiments/videos/counterfactuals/k400/fast/hrXPvtDU_VQ_000137_000147_fast.mp4,2.0
hrXPvtDU_VQ_000137_000147_slow,hrXPvtDU_VQ_000137_000147,slow,/home/luis.izaguirre/video_features_proy/VideoPrediction/experiments/videos/counterfactuals/k400/slow/hrXPvtDU_VQ_000137_000147_slow.mp4,0.5
03kVLyOhRw4_000005_000015_fast,03kVLyOhRw4_000005_000015,fast,/home/luis.izaguirre/video_features_proy/VideoPrediction/experiments/videos/counterfactuals/k400/fast/03kVLyOhRw4_000005_000015_fast.mp4,2.0
03kVLyOhRw4_000005_000015_slow,03kVLyOhRw4_000005_000015,slow,/home/luis.izaguirre/video_features_proy/VideoPrediction/experiments/videos/counterfactuals/k400/slow/03kVLyOhRw4_000005_000015_slow.mp4,0.5
Q7lLf2LTNT8_000124_000134_fast,Q7lLf2LTNT8_000124_000134,fast,/home/luis.izaguirre/video_features_proy/VideoPrediction/experiments/videos/counterfactuals/k400/fast/Q7lLf2LTNT8_000124_000134_fast.mp4,2.0
Q7lLf2LTNT8_000124_000134_slow,Q7lLf2LTNT8_000124_000134,slow,/home/luis.izaguirre/video_features_proy/VideoPrediction/experiments/videos/counterfactuals/k400/slow/Q7lLf2LTNT8_000124_000134_slow.mp4,0.5
6VplJPoAJPk_000012_000022_fast,6VplJPoAJPk_000012_000022,fast,/home/luis.izaguirre/video_features_proy/VideoPrediction/experiments/videos/counterfactuals/k400/fast/6VplJPoAJPk_000012_000022_fast.mp4,2.0
6VplJPoAJPk_000012_000022_slow,6VplJPoAJPk_000012_000022,slow,/home/luis.izaguirre/video_features_proy/VideoPrediction/experiments/videos/counterfactuals/k400/slow/6VplJPoAJPk_000012_000022_slow.mp4,0.5
9qincgvSOU0_000000_000010_fast,9qincgvSOU0_000000_000010,fast,/home/luis.izaguirre/video_features_proy/VideoPrediction/experiments/videos/counterfactuals/k400/fast/9qincgvSOU0_000000_000010_fast.mp4,2.0
9qincgvSOU0_000000_000010_slow,9qincgvSOU0_000000_000010,slow,/home/luis.izaguirre/video_features_proy/VideoPrediction/experiments/videos/counterfactuals/k400/slow/9qincgvSOU0_000000_000010_slow.mp4,0.5
_o-nriPJtcM_000046_000056_fast,_o-nriPJtcM_000046_000056,fast,/home/luis.izaguirre/video_features_proy/VideoPrediction/experiments/videos/counterfactuals/k400/fast/_o-nriPJtcM_000046_000056_fast.mp4,2.0
_o-nriPJtcM_000046_000056_slow,_o-nriPJtcM_000046_000056,slow,/home/luis.izaguirre/video_features_proy/VideoPrediction/experiments/videos/counterfactuals/k400/slow/_o-nriPJtcM_000046_000056_slow.mp4,0.5
r8bZcy0V-A8_000402_000412_fast,r8bZcy0V-A8_000402_000412,fast,/home/luis.izaguirre/video_features_proy/VideoPrediction/experiments/videos/counterfactuals/k400/fast/r8bZcy0V-A8_000402_000412_fast.mp4,2.0
r8bZcy0V-A8_000402_000412_slow,r8bZcy0V-A8_000402_000412,slow,/home/luis.izaguirre/video_features_proy/VideoPrediction/experiments/videos/counterfactuals/k400/slow/r8bZcy0V-A8_000402_000412_slow.mp4,0.5
TZ742md0dsQ_000023_000033_fast,TZ742md0dsQ_000023_000033,fast,/home/luis.izaguirre/video_features_proy/VideoPrediction/experiments/videos/counterfactuals/k400/fast/TZ742md0dsQ_000023_000033_fast.mp4,2.0
TZ742md0dsQ_000023_000033_slow,TZ742md0dsQ_000023_000033,slow,/home/luis.izaguirre/video_features_proy/VideoPrediction/experiments/videos/counterfactuals/k400/slow/TZ742md0dsQ_000023_000033_slow.mp4,0.5
x6aMNWIDK7A_000000_000010_fast,x6aMNWIDK7A_000000_000010,fast,/home/luis.izaguirre/video_features_proy/VideoPrediction/experiments/videos/counterfactuals/k400/fast/x6aMNWIDK7A_000000_000010_fast.mp4,2.0
x6aMNWIDK7A_000000_000010_slow,x6aMNWIDK7A_000000_000010,slow,/home/luis.izaguirre/video_features_proy/VideoPrediction/experiments/videos/counterfactuals/k400/slow/x6aMNWIDK7A_000000_000010_slow.mp4,0.5
zssFoJxQfKM_000022_000032_fast,zssFoJxQfKM_000022_000032,fast,/home/luis.izaguirre/video_features_proy/VideoPrediction/experiments/videos/counterfactuals/k400/fast/zssFoJxQfKM_000022_000032_fast.mp4,2.0
zssFoJxQfKM_000022_000032_slow,zssFoJxQfKM_000022_000032,slow,/home/luis.izaguirre/video_features_proy/VideoPrediction/experiments/videos/counterfactuals/k400/slow/zssFoJxQfKM_000022_000032_slow.mp4,0.5
mc_4qTfYtvw_000156_000166_fast,mc_4qTfYtvw_000156_000166,fast,/home/luis.izaguirre/video_features_proy/VideoPrediction/experiments/videos/counterfactuals/k400/fast/mc_4qTfYtvw_000156_000166_fast.mp4,2.0
mc_4qTfYtvw_000156_000166_slow,mc_4qTfYtvw_000156_000166,slow,/home/luis.izaguirre/video_features_proy/VideoPrediction/experiments/videos/counterfactuals/k400/slow/mc_4qTfYtvw_000156_000166_slow.mp4,0.5
03KH2wOyiVw_000026_000036_fast,03KH2wOyiVw_000026_000036,fast,/home/luis.izaguirre/video_features_proy/VideoPrediction/experiments/videos/counterfactuals/k400/fast/03KH2wOyiVw_000026_000036_fast.mp4,2.0
03KH2wOyiVw_000026_000036_slow,03KH2wOyiVw_000026_000036,slow,/home/luis.izaguirre/video_features_proy/VideoPrediction/experiments/videos/counterfactuals/k400/slow/03KH2wOyiVw_000026_000036_slow.mp4,0.5
9vmb7OBcGCA_000000_000010_fast,9vmb7OBcGCA_000000_000010,fast,/home/luis.izaguirre/video_features_proy/VideoPrediction/experiments/videos/counterfactuals/k400/fast/9vmb7OBcGCA_000000_000010_fast.mp4,2.0
9vmb7OBcGCA_000000_000010_slow,9vmb7OBcGCA_000000_000010,slow,/home/luis.izaguirre/video_features_proy/VideoPrediction/experiments/videos/counterfactuals/k400/slow/9vmb7OBcGCA_000000_000010_slow.mp4,0.5
Ao3M2TPI3sQ_000294_000304_fast,Ao3M2TPI3sQ_000294_000304,fast,/home/luis.izaguirre/video_features_proy/VideoPrediction/experiments/videos/counterfactuals/k400/fast/Ao3M2TPI3sQ_000294_000304_fast.mp4,2.0
Ao3M2TPI3sQ_000294_000304_slow,Ao3M2TPI3sQ_000294_000304,slow,/home/luis.izaguirre/video_features_proy/VideoPrediction/experiments/videos/counterfactuals/k400/slow/Ao3M2TPI3sQ_000294_000304_slow.mp4,0.5
vdPUN0P8zLY_000071_000081_fast,vdPUN0P8zLY_000071_000081,fast,/home/luis.izaguirre/video_features_proy/VideoPrediction/experiments/videos/counterfactuals/k400/fast/vdPUN0P8zLY_000071_000081_fast.mp4,2.0
vdPUN0P8zLY_000071_000081_slow,vdPUN0P8zLY_000071_000081,slow,/home/luis.izaguirre/video_features_proy/VideoPrediction/experiments/videos/counterfactuals/k400/slow/vdPUN0P8zLY_000071_000081_slow.mp4,0.5
mjG061TUe2E_000118_000128_fast,mjG061TUe2E_000118_000128,fast,/home/luis.izaguirre/video_features_proy/VideoPrediction/experiments/videos/counterfactuals/k400/fast/mjG061TUe2E_000118_000128_fast.mp4,2.0
mjG061TUe2E_000118_000128_slow,mjG061TUe2E_000118_000128,slow,/home/luis.izaguirre/video_features_proy/VideoPrediction/experiments/videos/counterfactuals/k400/slow/mjG061TUe2E_000118_000128_slow.mp4,0.5
sJyZ8Xj0GaY_000006_000016_fast,sJyZ8Xj0GaY_000006_000016,fast,/home/luis.izaguirre/video_features_proy/VideoPrediction/experiments/videos/counterfactuals/k400/fast/sJyZ8Xj0GaY_000006_000016_fast.mp4,2.0
sJyZ8Xj0GaY_000006_000016_slow,sJyZ8Xj0GaY_000006_000016,slow,/home/luis.izaguirre/video_features_proy/VideoPrediction/experiments/videos/counterfactuals/k400/slow/sJyZ8Xj0GaY_000006_000016_slow.mp4,0.5
ZIaHfJBaD5M_000194_000204_fast,ZIaHfJBaD5M_000194_000204,fast,/home/luis.izaguirre/video_features_proy/VideoPrediction/experiments/videos/counterfactuals/k400/fast/ZIaHfJBaD5M_000194_000204_fast.mp4,2.0
ZIaHfJBaD5M_000194_000204_slow,ZIaHfJBaD5M_000194_000204,slow,/home/luis.izaguirre/video_features_proy/VideoPrediction/experiments/videos/counterfactuals/k400/slow/ZIaHfJBaD5M_000194_000204_slow.mp4,0.5
YaZiGHugIrg_000025_000035_fast,YaZiGHugIrg_000025_000035,fast,/home/luis.izaguirre/video_features_proy/VideoPrediction/experiments/videos/counterfactuals/k400/fast/YaZiGHugIrg_000025_000035_fast.mp4,2.0
YaZiGHugIrg_000025_000035_slow,YaZiGHugIrg_000025_000035,slow,/home/luis.izaguirre/video_features_proy/VideoPrediction/experiments/videos/counterfactuals/k400/slow/YaZiGHugIrg_000025_000035_slow.mp4,0.5
oG5HTS16p3o_000022_000032_fast,oG5HTS16p3o_000022_000032,fast,/home/luis.izaguirre/video_features_proy/VideoPrediction/experiments/videos/counterfactuals/k400/fast/oG5HTS16p3o_000022_000032_fast.mp4,2.0
oG5HTS16p3o_000022_000032_slow,oG5HTS16p3o_000022_000032,slow,/home/luis.izaguirre/video_features_proy/VideoPrediction/experiments/videos/counterfactuals/k400/slow/oG5HTS16p3o_000022_000032_slow.mp4,0.5
Raq_O9FHY7I_000032_000042_fast,Raq_O9FHY7I_000032_000042,fast,/home/luis.izaguirre/video_features_proy/VideoPrediction/experiments/videos/counterfactuals/k400/fast/Raq_O9FHY7I_000032_000042_fast.mp4,2.0
Raq_O9FHY7I_000032_000042_slow,Raq_O9FHY7I_000032_000042,slow,/home/luis.izaguirre/video_features_proy/VideoPrediction/experiments/videos/counterfactuals/k400/slow/Raq_O9FHY7I_000032_000042_slow.mp4,0.5
uHuREVj98sI_000024_000034_fast,uHuREVj98sI_000024_000034,fast,/home/luis.izaguirre/video_features_proy/VideoPrediction/experiments/videos/counterfactuals/k400/fast/uHuREVj98sI_000024_000034_fast.mp4,2.0
uHuREVj98sI_000024_000034_slow,uHuREVj98sI_000024_000034,slow,/home/luis.izaguirre/video_features_proy/VideoPrediction/experiments/videos/counterfactuals/k400/slow/uHuREVj98sI_000024_000034_slow.mp4,0.5
hmtZgPv2jng_000177_000187_fast,hmtZgPv2jng_000177_000187,fast,/home/luis.izaguirre/video_features_proy/VideoPrediction/experiments/videos/counterfactuals/k400/fast/hmtZgPv2jng_000177_000187_fast.mp4,2.0
hmtZgPv2jng_000177_000187_slow,hmtZgPv2jng_000177_000187,slow,/home/luis.izaguirre/video_features_proy/VideoPrediction/experiments/videos/counterfactuals/k400/slow/hmtZgPv2jng_000177_000187_slow.mp4,0.5
dnn7UMMIkzA_000585_000595_fast,dnn7UMMIkzA_000585_000595,fast,/home/luis.izaguirre/video_features_proy/VideoPrediction/experiments/videos/counterfactuals/k400/fast/dnn7UMMIkzA_000585_000595_fast.mp4,2.0
dnn7UMMIkzA_000585_000595_slow,dnn7UMMIkzA_000585_000595,slow,/home/luis.izaguirre/video_features_proy/VideoPrediction/experiments/videos/counterfactuals/k400/slow/dnn7UMMIkzA_000585_000595_slow.mp4,0.5
z4o6612UdTo_000073_000083_fast,z4o6612UdTo_000073_000083,fast,/home/luis.izaguirre/video_features_proy/VideoPrediction/experiments/videos/counterfactuals/k400/fast/z4o6612UdTo_000073_000083_fast.mp4,2.0
z4o6612UdTo_000073_000083_slow,z4o6612UdTo_000073_000083,slow,/home/luis.izaguirre/video_features_proy/VideoPrediction/experiments/videos/counterfactuals/k400/slow/z4o6612UdTo_000073_000083_slow.mp4,0.5
5mZPeENoL6Y_000061_000071_fast,5mZPeENoL6Y_000061_000071,fast,/home/luis.izaguirre/video_features_proy/VideoPrediction/experiments/videos/counterfactuals/k400/fast/5mZPeENoL6Y_000061_000071_fast.mp4,2.0
5mZPeENoL6Y_000061_000071_slow,5mZPeENoL6Y_000061_000071,slow,/home/luis.izaguirre/video_features_proy/VideoPrediction/experiments/videos/counterfactuals/k400/slow/5mZPeENoL6Y_000061_000071_slow.mp4,0.5
lQOvNQHgoQs_000362_000372_fast,lQOvNQHgoQs_000362_000372,fast,/home/luis.izaguirre/video_features_proy/VideoPrediction/experiments/videos/counterfactuals/k400/fast/lQOvNQHgoQs_000362_000372_fast.mp4,2.0
lQOvNQHgoQs_000362_000372_slow,lQOvNQHgoQs_000362_000372,slow,/home/luis.izaguirre/video_features_proy/VideoPrediction/experiments/videos/counterfactuals/k400/slow/lQOvNQHgoQs_000362_000372_slow.mp4,0.5
hOL-vgb3wpc_000004_000014_fast,hOL-vgb3wpc_000004_000014,fast,/home/luis.izaguirre/video_features_proy/VideoPrediction/experiments/videos/counterfactuals/k400/fast/hOL-vgb3wpc_000004_000014_fast.mp4,2.0
hOL-vgb3wpc_000004_000014_slow,hOL-vgb3wpc_000004_000014,slow,/home/luis.izaguirre/video_features_proy/VideoPrediction/experiments/videos/counterfactuals/k400/slow/hOL-vgb3wpc_000004_000014_slow.mp4,0.5
icvbEW0EleM_000032_000042_fast,icvbEW0EleM_000032_000042,fast,/home/luis.izaguirre/video_features_proy/VideoPrediction/experiments/videos/counterfactuals/k400/fast/icvbEW0EleM_000032_000042_fast.mp4,2.0
icvbEW0EleM_000032_000042_slow,icvbEW0EleM_000032_000042,slow,/home/luis.izaguirre/video_features_proy/VideoPrediction/experiments/videos/counterfactuals/k400/slow/icvbEW0EleM_000032_000042_slow.mp4,0.5
Vzce0qLM9e8_000000_000010_fast,Vzce0qLM9e8_000000_000010,fast,/home/luis.izaguirre/video_features_proy/VideoPrediction/experiments/videos/counterfactuals/k400/fast/Vzce0qLM9e8_000000_000010_fast.mp4,2.0
Vzce0qLM9e8_000000_000010_slow,Vzce0qLM9e8_000000_000010,slow,/home/luis.izaguirre/video_features_proy/VideoPrediction/experiments/videos/counterfactuals/k400/slow/Vzce0qLM9e8_000000_000010_slow.mp4,0.5
1X11ZC0IppQ_000012_000022_fast,1X11ZC0IppQ_000012_000022,fast,/home/luis.izaguirre/video_features_proy/VideoPrediction/experiments/videos/counterfactuals/k400/fast/1X11ZC0IppQ_000012_000022_fast.mp4,2.0
1X11ZC0IppQ_000012_000022_slow,1X11ZC0IppQ_000012_000022,slow,/home/luis.izaguirre/video_features_proy/VideoPrediction/experiments/videos/counterfactuals/k400/slow/1X11ZC0IppQ_000012_000022_slow.mp4,0.5
7oUvm4e9oQ8_000279_000289_fast,7oUvm4e9oQ8_000279_000289,fast,/home/luis.izaguirre/video_features_proy/VideoPrediction/experiments/videos/counterfactuals/k400/fast/7oUvm4e9oQ8_000279_000289_fast.mp4,2.0
7oUvm4e9oQ8_000279_000289_slow,7oUvm4e9oQ8_000279_000289,slow,/home/luis.izaguirre/video_features_proy/VideoPrediction/experiments/videos/counterfactuals/k400/slow/7oUvm4e9oQ8_000279_000289_slow.mp4,0.5
WPc63G4sQU4_000029_000039_fast,WPc63G4sQU4_000029_000039,fast,/home/luis.izaguirre/video_features_proy/VideoPrediction/experiments/videos/counterfactuals/k400/fast/WPc63G4sQU4_000029_000039_fast.mp4,2.0
WPc63G4sQU4_000029_000039_slow,WPc63G4sQU4_000029_000039,slow,/home/luis.izaguirre/video_features_proy/VideoPrediction/experiments/videos/counterfactuals/k400/slow/WPc63G4sQU4_000029_000039_slow.mp4,0.5
ukQWQ--cd7o_000003_000013_fast,ukQWQ--cd7o_000003_000013,fast,/home/luis.izaguirre/video_features_proy/VideoPrediction/experiments/videos/counterfactuals/k400/fast/ukQWQ--cd7o_000003_000013_fast.mp4,2.0
ukQWQ--cd7o_000003_000013_slow,ukQWQ--cd7o_000003_000013,slow,/home/luis.izaguirre/video_features_proy/VideoPrediction/experiments/videos/counterfactuals/k400/slow/ukQWQ--cd7o_000003_000013_slow.mp4,0.5
WbIpI164ZU4_000037_000047_fast,WbIpI164ZU4_000037_000047,fast,/home/luis.izaguirre/video_features_proy/VideoPrediction/experiments/videos/counterfactuals/k400/fast/WbIpI164ZU4_000037_000047_fast.mp4,2.0
WbIpI164ZU4_000037_000047_slow,WbIpI164ZU4_000037_000047,slow,/home/luis.izaguirre/video_features_proy/VideoPrediction/experiments/videos/counterfactuals/k400/slow/WbIpI164ZU4_000037_000047_slow.mp4,0.5
es76akdQGws_000218_000228_fast,es76akdQGws_000218_000228,fast,/home/luis.izaguirre/video_features_proy/VideoPrediction/experiments/videos/counterfactuals/k400/fast/es76akdQGws_000218_000228_fast.mp4,2.0
es76akdQGws_000218_000228_slow,es76akdQGws_000218_000228,slow,/home/luis.izaguirre/video_features_proy/VideoPrediction/experiments/videos/counterfactuals/k400/slow/es76akdQGws_000218_000228_slow.mp4,0.5
p-hOHia-2Ns_000081_000091_fast,p-hOHia-2Ns_000081_000091,fast,/home/luis.izaguirre/video_features_proy/VideoPrediction/experiments/videos/counterfactuals/k400/fast/p-hOHia-2Ns_000081_000091_fast.mp4,2.0
p-hOHia-2Ns_000081_000091_slow,p-hOHia-2Ns_000081_000091,slow,/home/luis.izaguirre/video_features_proy/VideoPrediction/experiments/videos/counterfactuals/k400/slow/p-hOHia-2Ns_000081_000091_slow.mp4,0.5
3w29noJ77UE_000087_000097_fast,3w29noJ77UE_000087_000097,fast,/home/luis.izaguirre/video_features_proy/VideoPrediction/experiments/videos/counterfactuals/k400/fast/3w29noJ77UE_000087_000097_fast.mp4,2.0
3w29noJ77UE_000087_000097_slow,3w29noJ77UE_000087_000097,slow,/home/luis.izaguirre/video_features_proy/VideoPrediction/experiments/videos/counterfactuals/k400/slow/3w29noJ77UE_000087_000097_slow.mp4,0.5
ps78Pxo0u_c_000096_000106_fast,ps78Pxo0u_c_000096_000106,fast,/home/luis.izaguirre/video_features_proy/VideoPrediction/experiments/videos/counterfactuals/k400/fast/ps78Pxo0u_c_000096_000106_fast.mp4,2.0
ps78Pxo0u_c_000096_000106_slow,ps78Pxo0u_c_000096_000106,slow,/home/luis.izaguirre/video_features_proy/VideoPrediction/experiments/videos/counterfactuals/k400/slow/ps78Pxo0u_c_000096_000106_slow.mp4,0.5
y5sFDMJNE3g_000004_000014_fast,y5sFDMJNE3g_000004_000014,fast,/home/luis.izaguirre/video_features_proy/VideoPrediction/experiments/videos/counterfactuals/k400/fast/y5sFDMJNE3g_000004_000014_fast.mp4,2.0
y5sFDMJNE3g_000004_000014_slow,y5sFDMJNE3g_000004_000014,slow,/home/luis.izaguirre/video_features_proy/VideoPrediction/experiments/videos/counterfactuals/k400/slow/y5sFDMJNE3g_000004_000014_slow.mp4,0.5
HyZMiWeJyMw_000072_000082_fast,HyZMiWeJyMw_000072_000082,fast,/home/luis.izaguirre/video_features_proy/VideoPrediction/experiments/videos/counterfactuals/k400/fast/HyZMiWeJyMw_000072_000082_fast.mp4,2.0
HyZMiWeJyMw_000072_000082_slow,HyZMiWeJyMw_000072_000082,slow,/home/luis.izaguirre/video_features_proy/VideoPrediction/experiments/videos/counterfactuals/k400/slow/HyZMiWeJyMw_000072_000082_slow.mp4,0.5
tI1t5ugTvGY_000299_000309_fast,tI1t5ugTvGY_000299_000309,fast,/home/luis.izaguirre/video_features_proy/VideoPrediction/experiments/videos/counterfactuals/k400/fast/tI1t5ugTvGY_000299_000309_fast.mp4,2.0
tI1t5ugTvGY_000299_000309_slow,tI1t5ugTvGY_000299_000309,slow,/home/luis.izaguirre/video_features_proy/VideoPrediction/experiments/videos/counterfactuals/k400/slow/tI1t5ugTvGY_000299_000309_slow.mp4,0.5
nK60AQa_oH0_000009_000019_fast,nK60AQa_oH0_000009_000019,fast,/home/luis.izaguirre/video_features_proy/VideoPrediction/experiments/videos/counterfactuals/k400/fast/nK60AQa_oH0_000009_000019_fast.mp4,2.0
nK60AQa_oH0_000009_000019_slow,nK60AQa_oH0_000009_000019,slow,/home/luis.izaguirre/video_features_proy/VideoPrediction/experiments/videos/counterfactuals/k400/slow/nK60AQa_oH0_000009_000019_slow.mp4,0.5
fo6pBl3CM7s_000064_000074_fast,fo6pBl3CM7s_000064_000074,fast,/home/luis.izaguirre/video_features_proy/VideoPrediction/experiments/videos/counterfactuals/k400/fast/fo6pBl3CM7s_000064_000074_fast.mp4,2.0
fo6pBl3CM7s_000064_000074_slow,fo6pBl3CM7s_000064_000074,slow,/home/luis.izaguirre/video_features_proy/VideoPrediction/experiments/videos/counterfactuals/k400/slow/fo6pBl3CM7s_000064_000074_slow.mp4,0.5
v7hWMDqehkQ_000014_000024_fast,v7hWMDqehkQ_000014_000024,fast,/home/luis.izaguirre/video_features_proy/VideoPrediction/experiments/videos/counterfactuals/k400/fast/v7hWMDqehkQ_000014_000024_fast.mp4,2.0
v7hWMDqehkQ_000014_000024_slow,v7hWMDqehkQ_000014_000024,slow,/home/luis.izaguirre/video_features_proy/VideoPrediction/experiments/videos/counterfactuals/k400/slow/v7hWMDqehkQ_000014_000024_slow.mp4,0.5
0tYRSpnUusM_000141_000151_fast,0tYRSpnUusM_000141_000151,fast,/home/luis.izaguirre/video_features_proy/VideoPrediction/experiments/videos/counterfactuals/k400/fast/0tYRSpnUusM_000141_000151_fast.mp4,2.0
0tYRSpnUusM_000141_000151_slow,0tYRSpnUusM_000141_000151,slow,/home/luis.izaguirre/video_features_proy/VideoPrediction/experiments/videos/counterfactuals/k400/slow/0tYRSpnUusM_000141_000151_slow.mp4,0.5
n-YMkFcvwDc_000043_000053_fast,n-YMkFcvwDc_000043_000053,fast,/home/luis.izaguirre/video_features_proy/VideoPrediction/experiments/videos/counterfactuals/k400/fast/n-YMkFcvwDc_000043_000053_fast.mp4,2.0
n-YMkFcvwDc_000043_000053_slow,n-YMkFcvwDc_000043_000053,slow,/home/luis.izaguirre/video_features_proy/VideoPrediction/experiments/videos/counterfactuals/k400/slow/n-YMkFcvwDc_000043_000053_slow.mp4,0.5
4lsSb73OCVc_000022_000032_fast,4lsSb73OCVc_000022_000032,fast,/home/luis.izaguirre/video_features_proy/VideoPrediction/experiments/videos/counterfactuals/k400/fast/4lsSb73OCVc_000022_000032_fast.mp4,2.0
4lsSb73OCVc_000022_000032_slow,4lsSb73OCVc_000022_000032,slow,/home/luis.izaguirre/video_features_proy/VideoPrediction/experiments/videos/counterfactuals/k400/slow/4lsSb73OCVc_000022_000032_slow.mp4,0.5
MMmejgavKLY_001459_001469_fast,MMmejgavKLY_001459_001469,fast,/home/luis.izaguirre/video_features_proy/VideoPrediction/experiments/videos/counterfactuals/k400/fast/MMmejgavKLY_001459_001469_fast.mp4,2.0
MMmejgavKLY_001459_001469_slow,MMmejgavKLY_001459_001469,slow,/home/luis.izaguirre/video_features_proy/VideoPrediction/experiments/videos/counterfactuals/k400/slow/MMmejgavKLY_001459_001469_slow.mp4,0.5
h2LC_ArzOxU_000000_000010_fast,h2LC_ArzOxU_000000_000010,fast,/home/luis.izaguirre/video_features_proy/VideoPrediction/experiments/videos/counterfactuals/k400/fast/h2LC_ArzOxU_000000_000010_fast.mp4,2.0
h2LC_ArzOxU_000000_000010_slow,h2LC_ArzOxU_000000_000010,slow,/home/luis.izaguirre/video_features_proy/VideoPrediction/experiments/videos/counterfactuals/k400/slow/h2LC_ArzOxU_000000_000010_slow.mp4,0.5
FEhXzInfrtU_000006_000016_fast,FEhXzInfrtU_000006_000016,fast,/home/luis.izaguirre/video_features_proy/VideoPrediction/experiments/videos/counterfactuals/k400/fast/FEhXzInfrtU_000006_000016_fast.mp4,2.0
FEhXzInfrtU_000006_000016_slow,FEhXzInfrtU_000006_000016,slow,/home/luis.izaguirre/video_features_proy/VideoPrediction/experiments/videos/counterfactuals/k400/slow/FEhXzInfrtU_000006_000016_slow.mp4,0.5
rVT9y_YQak0_000058_000068_fast,rVT9y_YQak0_000058_000068,fast,/home/luis.izaguirre/video_features_proy/VideoPrediction/experiments/videos/counterfactuals/k400/fast/rVT9y_YQak0_000058_000068_fast.mp4,2.0
rVT9y_YQak0_000058_000068_slow,rVT9y_YQak0_000058_000068,slow,/home/luis.izaguirre/video_features_proy/VideoPrediction/experiments/videos/counterfactuals/k400/slow/rVT9y_YQak0_000058_000068_slow.mp4,0.5
3bEWMz5Ae7w_000329_000339_fast,3bEWMz5Ae7w_000329_000339,fast,/home/luis.izaguirre/video_features_proy/VideoPrediction/experiments/videos/counterfactuals/k400/fast/3bEWMz5Ae7w_000329_000339_fast.mp4,2.0
3bEWMz5Ae7w_000329_000339_slow,3bEWMz5Ae7w_000329_000339,slow,/home/luis.izaguirre/video_features_proy/VideoPrediction/experiments/videos/counterfactuals/k400/slow/3bEWMz5Ae7w_000329_000339_slow.mp4,0.5
resbfMKk1Zg_000091_000101_fast,resbfMKk1Zg_000091_000101,fast,/home/luis.izaguirre/video_features_proy/VideoPrediction/experiments/videos/counterfactuals/k400/fast/resbfMKk1Zg_000091_000101_fast.mp4,2.0
resbfMKk1Zg_000091_000101_slow,resbfMKk1Zg_000091_000101,slow,/home/luis.izaguirre/video_features_proy/VideoPrediction/experiments/videos/counterfactuals/k400/slow/resbfMKk1Zg_000091_000101_slow.mp4,0.5
wTb_kzlVfUE_000024_000034_fast,wTb_kzlVfUE_000024_000034,fast,/home/luis.izaguirre/video_features_proy/VideoPrediction/experiments/videos/counterfactuals/k400/fast/wTb_kzlVfUE_000024_000034_fast.mp4,2.0
wTb_kzlVfUE_000024_000034_slow,wTb_kzlVfUE_000024_000034,slow,/home/luis.izaguirre/video_features_proy/VideoPrediction/experiments/videos/counterfactuals/k400/slow/wTb_kzlVfUE_000024_000034_slow.mp4,0.5
6n73uoriLoE_000953_000963_fast,6n73uoriLoE_000953_000963,fast,/home/luis.izaguirre/video_features_proy/VideoPrediction/experiments/videos/counterfactuals/k400/fast/6n73uoriLoE_000953_000963_fast.mp4,2.0
6n73uoriLoE_000953_000963_slow,6n73uoriLoE_000953_000963,slow,/home/luis.izaguirre/video_features_proy/VideoPrediction/experiments/videos/counterfactuals/k400/slow/6n73uoriLoE_000953_000963_slow.mp4,0.5
TX-S8aGjpZs_000121_000131_fast,TX-S8aGjpZs_000121_000131,fast,/home/luis.izaguirre/video_features_proy/VideoPrediction/experiments/videos/counterfactuals/k400/fast/TX-S8aGjpZs_000121_000131_fast.mp4,2.0
TX-S8aGjpZs_000121_000131_slow,TX-S8aGjpZs_000121_000131,slow,/home/luis.izaguirre/video_features_proy/VideoPrediction/experiments/videos/counterfactuals/k400/slow/TX-S8aGjpZs_000121_000131_slow.mp4,0.5
