video_path,num_frames,original_label,class_id,speed_label
k400/czhL0iDbNT8_000021_000031.mp4,240,walking the dog,46,1
k400/-5wLopwbGX0_000070_000080.mp4,300,tossing salad,132,1
k400/8UxlDNur-Z0_000001_000011.mp4,300,juggling balls,262,0
k400/Urmbp1ulIXI_000023_000033.mp4,300,playing bass guitar,319,0
k400/p2UMwzWsY0U_000002_000012.mp4,300,reading book,248,0
k400/fTPDXmcygjw_000004_000014.mp4,300,petting animal (not cat),11,1
k400/MCr_v4wCkh0_000002_000012.mp4,300,tossing salad,132,1
k400/S6iAYBBMnwk_000002_000012.mp4,300,whistling,267,1
k400/2agWm6N2260_000000_000010.mp4,300,playing ukulele,37,0
k400/a7Mc-0lwAuE_000064_000074.mp4,300,waxing legs,129,0
k400/lG1SVQCAW4w_000066_000076.mp4,300,hurling (sport),22,1
k400/DQUNZmbQI_g_000345_000355.mp4,300,disc golfing,29,1
k400/Dcz0r8q-sx0_000004_000014.mp4,300,baby waking up,249,0
k400/8CdUbOHDtes_000415_000425.mp4,300,hugging baby,222,1
k400/ObNn_SDCdN4_000183_000193.mp4,300,hugging baby,222,1
k400/wLdCy9BWejA_000000_000010.mp4,300,cutting nails,219,0
k400/jZ-RKDUgTZc_000529_000539.mp4,300,petting animal (not cat),11,1
k400/kE3LVziVavY_000016_000026.mp4,300,sharpening pencil,371,0
k400/QTuSXrQbLzA_000059_000069.mp4,250,hurling (sport),22,1
k400/noCpVmgD0PY_000122_000132.mp4,300,sharpening pencil,371,0
k400/fMeaggq0_rA_000032_000042.mp4,300,cutting nails,219,0
k400/MT2KvOC_7ww_000000_000010.mp4,300,zumba,331,0
k400/Ykiro3IaZsI_000025_000035.mp4,300,cutting nails,219,0
k400/sBwcUtMx2VM_000017_000027.mp4,97,juggling balls,262,0
k400/CBsQM6oSaPQ_000198_000208.mp4,250,golf driving,311,0
k400/TRy89BWatRQ_000003_000013.mp4,300,hurling (sport),22,1
k400/pYJYqh-F5qw_000007_000017.mp4,300,dunking basketball,28,1
k400/G_J5cATQRls_000165_000175.mp4,300,playing bass guitar,319,0
k400/F6EBsLoTomM_000006_000016.mp4,226,parkour,299,1
k400/GemX0d_J_L4_000002_000012.mp4,300,parkour,299,1
k400/Oj1AyUagCKU_000010_000020.mp4,300,dunking basketball,28,1
k400/b1qE4GNZ9OA_000144_000154.mp4,300,disc golfing,29,1
k400/SkLZdjaKzbM_000075_000085.mp4,300,dunking basketball,28,1
k400/EVe27iNIHNQ_000010_000020.mp4,300,hugging baby,222,1
k400/k0LrpFqOjeI_000027_000037.mp4,300,playing bagpipes,290,0
k400/_kbDGFjgKYs_000087_000097.mp4,300,sharpening pencil,371,0
k400/02K4QYwUR6k_000112_000122.mp4,300,hugging baby,222,1
k400/CXELciMTioU_000191_000201.mp4,300,hugging baby,222,1
k400/WfpAqCRF_CM_000001_000011.mp4,300,waxing legs,129,0
k400/E7l9YJAJdU8_000161_000171.mp4,300,cutting nails,219,0
k400/KfP8Ki7BvpQ_000045_000055.mp4,250,hugging baby,222,1
k400/ZgiOm4uBZZQ_000018_000028.mp4,166,playing ukulele,37,0
k400/5RFlvWslIm8_000046_000056.mp4,300,reading book,248,0
k400/eTIExNIhSOk_000043_000053.mp4,300,waxing back,295,1
k400/vBgzbFRZqFE_000124_000134.mp4,300,golf driving,311,0
k400/kUJI_OVlWxE_000161_000171.mp4,300,hugging baby,222,1
k400/5j1oz2hmq8Q_000002_000012.mp4,146,reading book,248,0
k400/wdEr6wHm11M_000059_000069.mp4,243,walking the dog,46,1
k400/-8IjJv90K-M_000032_000042.mp4,300,dunking basketball,28,1
k400/T_pLnAoAhuM_000006_000016.mp4,132,playing bass guitar,319,0
k400/3lTTjrrl3-w_000027_000037.mp4,300,golf driving,311,0
k400/Fky5jhnQrgI_000007_000017.mp4,300,wrapping present,300,1
k400/1z2BaaWe-Hc_000000_000010.mp4,300,whistling,267,1
k400/-ayNZ5bs7EQ_000011_000021.mp4,152,playing bass guitar,319,0
k400/uFadiriKM0I_000324_000334.mp4,300,hugging baby,222,1
k400/xXCYK5hF7TA_000138_000148.mp4,120,hugging baby,222,1
k400/4FJklyyQI4w_000027_000037.mp4,230,playing bass guitar,319,0
k400/Cc8VMMrVrxg_000005_000015.mp4,300,waxing legs,129,0
k400/-8jPV06bmhA_000046_000056.mp4,300,walking the dog,46,1
k400/L0gKt2njQZw_000008_000018.mp4,300,water skiing,123,0
k400/WnRTUcOFc2U_000160_000170.mp4,300,baby waking up,249,0
k400/glIq9KmXoYw_000004_000014.mp4,150,juggling balls,262,0
k400/3FlRepeaQP8_000003_000013.mp4,300,waxing back,295,1
k400/TJpmrZ7DrEc_000001_000011.mp4,300,throwing axe,155,1
k400/iZXtwb_6GMQ_000085_000095.mp4,170,dunking basketball,28,1
k400/LO0HKBkTsFA_000037_000047.mp4,250,playing ukulele,37,0
k400/v2lhU-CtJQc_000000_000010.mp4,300,playing ukulele,37,0
k400/nO4BFDXVqCg_000007_000017.mp4,300,golf driving,311,0
k400/clJc6j_omBU_000004_000014.mp4,300,finger snapping,54,1
k400/WEdVOpOsXz0_000063_000073.mp4,300,disc golfing,29,1
k400/KoaXqJ2A1Gw_000037_000047.mp4,300,petting animal (not cat),11,1
k400/DobQIr25XMc_000140_000150.mp4,250,sharpening pencil,371,0
k400/tkv9hTAJFeg_000003_000013.mp4,168,waxing legs,129,0
k400/m6RF5r3I8dA_000033_000043.mp4,300,sharpening pencil,371,0
k400/TIuH8pYN-0s_000163_000173.mp4,300,golf driving,311,0
k400/Prf1lu4ITXw_000002_000012.mp4,300,golf driving,311,0
k400/a-NgFE9Lr5E_000103_000113.mp4,300,walking the dog,46,1
k400/_cHyoOCs8iQ_000070_000080.mp4,300,tossing salad,132,1
k400/lytiW8aunxY_000710_000720.mp4,250,disc golfing,29,1
k400/4gkVOuf9tho_000036_000046.mp4,300,water skiing,123,0
k400/FWx9d8nPnJY_000003_000013.mp4,300,petting animal (not cat),11,1
k400/qAl4lWHJHPE_000007_000017.mp4,250,reading book,248,0
k400/T0_J3kSUNbk_000768_000778.mp4,300,walking the dog,46,1
k400/GY50tHf8H3Q_000105_000115.mp4,300,petting animal (not cat),11,1
k400/t-Sr9ffmALg_000004_000014.mp4,300,tossing salad,132,1
k400/z_EV7XqWmew_000014_000024.mp4,150,baby waking up,249,0
k400/rV-v03itrdQ_000014_000024.mp4,300,water skiing,123,0
k400/XWmzMEu6XEc_000018_000028.mp4,298,cutting nails,219,0
k400/CcVJcZ4Nnak_000006_000016.mp4,300,baby waking up,249,0
k400/RQsiUIneI-I_000024_000034.mp4,300,baby waking up,249,0
k400/zw7ySdKK1gU_000064_000074.mp4,300,playing ukulele,37,0
k400/f_KuNcFykFc_000092_000102.mp4,300,playing bagpipes,290,0
k400/BzRbZis9ZsA_000001_000011.mp4,300,juggling balls,262,0
k400/yArpJ36B3Co_000049_000059.mp4,300,reading book,248,0
k400/5eq5q4jbNpA_000005_000015.mp4,250,baby waking up,249,0
k400/1Wl_4v5UmDE_000016_000026.mp4,278,juggling balls,262,0
k400/yYYsIQdSWMg_000047_000057.mp4,300,tossing salad,132,1
k400/aTM1csU_yTQ_000059_000069.mp4,300,hugging baby,222,1
k400/mNH629FJ_g0_000038_000048.mp4,300,sharpening pencil,371,0
k400/A52IDlIsMMo_000058_000068.mp4,300,finger snapping,54,1
k400/M3j2M00VskE_000006_000016.mp4,238,petting animal (not cat),11,1
k400/AKEmErmt_GQ_000027_000037.mp4,300,whistling,267,1
k400/rBXnn3uDj5I_000045_000055.mp4,240,cutting nails,219,0
k400/wT0KvdmXSrk_000036_000046.mp4,250,sharpening pencil,371,0
k400/qlNMcN0vrXM_000089_000099.mp4,300,finger snapping,54,1
k400/Wyo7vSSiNKE_000124_000134.mp4,300,disc golfing,29,1
k400/-cMG2QyN-mE_000047_000057.mp4,300,zumba,331,0
k400/nhhwEEEMnOQ_000140_000150.mp4,300,disc golfing,29,1
k400/I2OvykaHy8Q_000006_000016.mp4,300,cutting nails,219,0
k400/pXbB4cK3CJ4_000128_000138.mp4,300,baby waking up,249,0
k400/Cj-BGLVHw4g_000062_000072.mp4,250,golf driving,311,0
k400/kEmnHz19d_0_000075_000085.mp4,250,hugging baby,222,1
k400/3C4OGrKPpUk_000088_000098.mp4,299,sharpening pencil,371,0
k400/f4aT6r953yM_000019_000029.mp4,300,wrapping present,300,1
k400/LNBOnvyDZj4_000040_000050.mp4,290,reading book,248,0
k400/unVvmmsTlO0_000000_000010.mp4,300,playing bagpipes,290,0
k400/-2C-yeMmge0_000003_000013.mp4,300,waxing back,295,1
k400/HpP_7yMnD54_000021_000031.mp4,300,petting animal (not cat),11,1
k400/WjQBqPwDAjU_000001_000011.mp4,300,reading book,248,0
k400/8jtJmMQBAIw_000012_000022.mp4,288,walking the dog,46,1
k400/nL7NBYU-G6U_000082_000092.mp4,150,throwing axe,155,1
k400/66s-z4goaqg_000251_000261.mp4,300,petting animal (not cat),11,1
k400/J2Tx-5WOf7g_000159_000169.mp4,250,parkour,299,1
k400/pibG2NjwKfA_000100_000110.mp4,137,juggling balls,262,0
k400/W1p2zz_7E3o_000000_000010.mp4,100,playing bagpipes,290,0
k400/6s-SH6d7K34_000111_000121.mp4,275,dunking basketball,28,1
k400/HyThLeZVMy8_000004_000014.mp4,300,walking the dog,46,1
k400/pzVGYWdzHnM_000028_000038.mp4,300,tossing salad,132,1
k400/JkgsEpa-2bY_000050_000060.mp4,300,wrapping present,300,1
k400/eLwpP1vIAo4_000055_000065.mp4,240,sharpening pencil,371,0
k400/M3BP0otXv8I_000161_000171.mp4,300,wrapping present,300,1
k400/kXJ8xHHxTn8_000035_000045.mp4,150,playing ukulele,37,0
k400/XNYvNRBgcFo_000001_000011.mp4,300,whistling,267,1
k400/RvtbJHFxK2Q_000007_000017.mp4,240,finger snapping,54,1
k400/-Wx7UjNi3uU_000010_000020.mp4,300,cutting nails,219,0
k400/LdblxQmggkQ_000000_000010.mp4,300,playing bass guitar,319,0
k400/_5dyLrtc5fQ_000006_000016.mp4,300,parkour,299,1
k400/J6-0077QM7c_000008_000018.mp4,300,waxing back,295,1
k400/vdPUN0P8zLY_000071_000081.mp4,300,hurling (sport),22,1
k400/eSIH7_hiFPo_000004_000014.mp4,191,whistling,267,1
k400/6SdKSgcAZg8_000279_000289.mp4,300,dunking basketball,28,1
k400/1En6j7p8QxE_000004_000014.mp4,240,tossing salad,132,1
k400/Zx68WCt8qHY_000001_000011.mp4,200,playing bass guitar,319,0
k400/xosZJ5uRCbs_001298_001308.mp4,300,playing bagpipes,290,0
k400/g-iFpzUECrg_000102_000112.mp4,240,finger snapping,54,1
k400/-3otOHOo7kY_000146_000156.mp4,300,disc golfing,29,1
k400/AzLMpbfDa8E_000043_000053.mp4,300,hurling (sport),22,1
k400/qXiANer0jyo_000072_000082.mp4,280,baby waking up,249,0
k400/Mhf7t8lA57I_000138_000148.mp4,300,whistling,267,1
k400/SGB6yf9UApM_000558_000568.mp4,300,disc golfing,29,1
k400/8w6KeCEkzWo_000218_000228.mp4,300,petting animal (not cat),11,1
k400/62joIFmFImo_000127_000137.mp4,300,finger snapping,54,1
k400/WZAx3H5cphk_000007_000017.mp4,300,waxing legs,129,0
k400/DluFbc0UkB0_000076_000086.mp4,300,wrapping present,300,1
k400/K9mva9RwBh8_000060_000070.mp4,300,water skiing,123,0
k400/Q2KSOu4g2DY_000095_000105.mp4,300,baby waking up,249,0
k400/JR6NVjBoiKg_000049_000059.mp4,250,sharpening pencil,371,0
k400/9HihPamrHGY_000017_000027.mp4,300,wrapping present,300,1
k400/wFoU5hhdx-s_000022_000032.mp4,100,water skiing,123,0
k400/tr9lso-hVlE_000004_000014.mp4,250,wrapping present,300,1
k400/h6yuWQDalVM_000009_000019.mp4,300,whistling,267,1
k400/XxPINsFUOFs_000014_000024.mp4,300,whistling,267,1
k400/RDsLaL_OnBA_000198_000208.mp4,300,sharpening pencil,371,0
k400/2NM6p6Cgq20_000032_000042.mp4,237,whistling,267,1
k400/4S1k0vHoTw4_000248_000258.mp4,200,playing ukulele,37,0
k400/5f8UlTkZc54_000698_000708.mp4,300,tossing salad,132,1
k400/IToWgyodWww_000069_000079.mp4,300,hurling (sport),22,1
k400/-SWFnl5p1Xc_000125_000135.mp4,300,dunking basketball,28,1
k400/iJ9O_CjO3t8_000058_000068.mp4,300,waxing back,295,1
k400/fDWTE4CyYZ8_000143_000153.mp4,300,baby waking up,249,0
k400/-yBv6i44XAE_000032_000042.mp4,300,juggling balls,262,0
k400/brRVuxwRPWs_000267_000277.mp4,240,petting animal (not cat),11,1
k400/9gSr3kgxsdk_000204_000214.mp4,145,wrapping present,300,1
k400/IK2pqrFCgXA_000001_000011.mp4,253,baby waking up,249,0
k400/m7aSsFMfjMg_000007_000017.mp4,300,zumba,331,0
k400/u3t1LyjsakQ_000012_000022.mp4,300,dunking basketball,28,1
k400/ex1DGV4qCXs_000000_000010.mp4,243,golf driving,311,0
k400/GU5SV08xxVU_000330_000340.mp4,300,golf driving,311,0
k400/kde4PZ7aMSM_000080_000090.mp4,300,zumba,331,0
k400/OpzftHaatzI_000246_000256.mp4,250,walking the dog,46,1
k400/tx1UQx2h0Z8_000018_000028.mp4,300,walking the dog,46,1
k400/awVQmg9TtrY_000001_000011.mp4,240,waxing back,295,1
k400/xg3LER6hB78_000036_000046.mp4,300,petting animal (not cat),11,1
k400/gOxEEuOVXEw_000091_000101.mp4,300,walking the dog,46,1
k400/MDGdM7pnKKI_000101_000111.mp4,300,hurling (sport),22,1
k400/ZLQkCemE_Xs_000318_000328.mp4,300,dunking basketball,28,1
k400/iE1c5S_c5wY_000013_000023.mp4,300,sharpening pencil,371,0
k400/mngRWrgzMZ4_000037_000047.mp4,300,finger snapping,54,1
k400/yRDb16BIjBg_000048_000058.mp4,300,golf driving,311,0
k400/TEHuFWeGLWY_000116_000126.mp4,300,waxing back,295,1
k400/r86Apmb54ZU_000003_000013.mp4,300,water skiing,123,0
k400/83fKBFnd4Z0_000001_000011.mp4,300,finger snapping,54,1
k400/M1qQE9wii-A_000156_000166.mp4,300,disc golfing,29,1
k400/ZyvONwcYFtw_000000_000010.mp4,300,reading book,248,0
k400/imZe2O4gdCw_000001_000011.mp4,240,juggling balls,262,0
k400/Qch4hbEobMU_000001_000011.mp4,240,sharpening pencil,371,0
k400/0N8szFGAmMw_000412_000422.mp4,300,walking the dog,46,1
k400/QzTjbjRdBBg_000005_000015.mp4,300,zumba,331,0
k400/eQZ5i5r4SqI_000078_000088.mp4,300,wrapping present,300,1
k400/2oUuh9ouVZw_000043_000053.mp4,300,water skiing,123,0
k400/6kLO27G-7DA_000036_000046.mp4,300,reading book,248,0
k400/DF9HG1w5nZA_000058_000068.mp4,300,parkour,299,1
k400/ce6aUvCKpbU_000000_000010.mp4,150,playing bass guitar,319,0
k400/mUrux4T0JYw_000320_000330.mp4,250,waxing back,295,1
k400/kVAz43lk8p8_000102_000112.mp4,162,hugging baby,222,1
k400/6j9BYhLmFvg_000000_000010.mp4,172,playing bass guitar,319,0
k400/IMroMNXrvrE_000000_000010.mp4,150,zumba,331,0
k400/Hwuul-R9x_g_000067_000077.mp4,212,playing ukulele,37,0
k400/9rudQQiIWac_000022_000032.mp4,300,baby waking up,249,0
k400/8z56an4R01k_000015_000025.mp4,300,hurling (sport),22,1
k400/VI5-zmzE9lA_000004_000014.mp4,299,juggling balls,262,0
k400/CYug9qeIx20_000020_000030.mp4,300,waxing back,295,1
k400/q-FubIQSMHw_000047_000057.mp4,300,tossing salad,132,1
k400/41L6aYvDYHk_000023_000033.mp4,250,reading book,248,0
k400/9TNy81McFvA_000000_000010.mp4,265,playing bagpipes,290,0
k400/OQOQH_Qgitg_000009_000019.mp4,300,parkour,299,1
k400/3F2j2aEiIFM_000045_000055.mp4,297,waxing back,295,1
k400/FrhFmC3Q60A_000002_000012.mp4,200,throwing axe,155,1
k400/ww44SX2UW5A_000000_000010.mp4,78,playing bass guitar,319,0
k400/vxWL1zLIGUg_000010_000020.mp4,150,hurling (sport),22,1
k400/JyMgiFCvCVI_000033_000043.mp4,300,wrapping present,300,1
k400/ruIj-2g2uIM_000050_000060.mp4,300,waxing back,295,1
k400/WRKPOnQZ5Mo_000010_000020.mp4,300,hurling (sport),22,1
k400/ZlI5PaXsfOk_000591_000601.mp4,300,playing bagpipes,290,0
k400/ngmWeyw8lG8_000027_000037.mp4,300,playing bass guitar,319,0
k400/caMDEirW4Cc_000002_000012.mp4,260,baby waking up,249,0
k400/x0J0c8qcL1A_000000_000010.mp4,300,reading book,248,0
k400/vE6Cnt7XJrg_000026_000036.mp4,300,baby waking up,249,0
k400/xzXJJIni2hQ_000238_000248.mp4,300,golf driving,311,0
k400/ZjnSzX64QtA_000577_000587.mp4,300,waxing back,295,1
k400/ZNqxQXrYcD4_000000_000010.mp4,250,disc golfing,29,1
k400/QYUfBbqtnjI_000035_000045.mp4,295,finger snapping,54,1
k400/KcCx9QPDZ4Q_000015_000025.mp4,275,petting animal (not cat),11,1
k400/dg2Ngxup1sU_000029_000039.mp4,300,playing bass guitar,319,0
k400/OQCeS0sLkbo_000001_000011.mp4,300,juggling balls,262,0
k400/QJSwBNxKYqg_000120_000130.mp4,300,water skiing,123,0
k400/TH_nhpJcFfY_000017_000027.mp4,300,hurling (sport),22,1
k400/--gEBElruic_000067_000077.mp4,300,dunking basketball,28,1
k400/rm8ir9fmwPs_000089_000099.mp4,300,disc golfing,29,1
k400/aNN4j-njBes_000009_000019.mp4,300,waxing legs,129,0
k400/rgQINDw91kA_000239_000249.mp4,300,petting animal (not cat),11,1
k400/NOhVk13afn4_000008_000018.mp4,300,juggling balls,262,0
k400/bm0nyvbKa-U_000147_000157.mp4,300,zumba,331,0
k400/-isSe2P8T-4_000100_000110.mp4,300,waxing back,295,1
k400/qxtkjzhD3RU_000034_000044.mp4,240,waxing back,295,1
k400/iyVY7ChFtmk_000001_000011.mp4,240,juggling balls,262,0
k400/qlucHuYtWlo_000050_000060.mp4,300,hurling (sport),22,1
k400/tNr-tFCmC7o_000138_000148.mp4,300,walking the dog,46,1
k400/M7-e1pEnoKI_000101_000111.mp4,300,dunking basketball,28,1
k400/oltwUQQ6OlA_000079_000089.mp4,300,cutting nails,219,0
k400/QOjLyBwJ3WI_000144_000154.mp4,300,baby waking up,249,0
k400/rySwGneEIXc_000533_000543.mp4,250,golf driving,311,0
k400/K0WTp63GLK0_000040_000050.mp4,300,hurling (sport),22,1
k400/aouuZy6APY4_000091_000101.mp4,147,baby waking up,249,0
k400/XgUZdOjWKpI_000015_000025.mp4,300,sharpening pencil,371,0
k400/IyR-_sGt0uw_000058_000068.mp4,300,parkour,299,1
k400/HB8sRMIKU9k_000004_000014.mp4,300,water skiing,123,0
k400/SfNDt73AdE0_000024_000034.mp4,96,cutting nails,219,0
k400/5lmmjOhih3U_000046_000056.mp4,240,sharpening pencil,371,0
k400/M8ozMH38TQA_000440_000450.mp4,300,petting animal (not cat),11,1
k400/OlpKJhzzm5g_000142_000152.mp4,300,parkour,299,1
k400/W9LR5Z9C33E_000104_000114.mp4,250,finger snapping,54,1
k400/5G-5aOnyDwo_000016_000026.mp4,300,playing ukulele,37,0
k400/mgH-po4ZbsI_000195_000205.mp4,250,sharpening pencil,371,0
k400/hZSbT-C8Ueo_000015_000025.mp4,275,wrapping present,300,1
k400/x0jhTtDU-k4_000008_000018.mp4,222,throwing axe,155,1
k400/fYfwW14LpQQ_000027_000037.mp4,250,finger snapping,54,1
k400/UKGlSfJTn3U_000040_000050.mp4,300,dunking basketball,28,1
k400/pHT6uU1-7FY_000003_000013.mp4,279,playing bass guitar,319,0
k400/G1tvQndOiB8_000058_000068.mp4,300,playing bagpipes,290,0
k400/n0O2afbK6hA_000026_000036.mp4,300,finger snapping,54,1
k400/igeASMnY4II_000018_000028.mp4,300,golf driving,311,0
k400/rpj1F6w7sQ4_000001_000011.mp4,138,throwing axe,155,1
k400/glAQS4T9AYY_000048_000058.mp4,297,water skiing,123,0
k400/4O670A1-FiA_000103_000113.mp4,300,whistling,267,1
k400/sH02kqv0160_000107_000117.mp4,250,water skiing,123,0
k400/ZOm6XXkmq4U_000158_000168.mp4,300,finger snapping,54,1
k400/IZmQ1ndVmyc_000004_000014.mp4,300,water skiing,123,0
k400/WP63Jg8CDdg_000017_000027.mp4,250,water skiing,123,0
k400/zf3deviWMWE_000022_000032.mp4,300,parkour,299,1
k400/e12UgfLfItU_000004_000014.mp4,192,water skiing,123,0
k400/dSF2i1OQtMc_000087_000097.mp4,300,golf driving,311,0
k400/06HBsMpx9SM_000012_000022.mp4,300,petting animal (not cat),11,1
k400/eSfP47VuSaQ_000023_000033.mp4,300,playing bagpipes,290,0
k400/mCJl0fJF7ic_000122_000132.mp4,300,walking the dog,46,1
k400/bWeyTDutG2U_000159_000169.mp4,300,disc golfing,29,1
k400/YLJaiKWGQys_000139_000149.mp4,300,finger snapping,54,1
k400/nenz_2mnic0_000169_000179.mp4,250,petting animal (not cat),11,1
k400/2DfK16gO5mc_000019_000029.mp4,300,walking the dog,46,1
k400/217DuSmGjWU_000018_000028.mp4,300,petting animal (not cat),11,1
k400/tVmk6ok_h14_000216_000226.mp4,300,hugging baby,222,1
k400/nm5-qRIMiLU_000044_000054.mp4,300,waxing back,295,1
k400/sFobl5_CbJk_000004_000014.mp4,239,water skiing,123,0
k400/5dFAjoXajs4_000004_000014.mp4,300,waxing legs,129,0
k400/uZyZTplG4eo_000077_000087.mp4,250,playing bass guitar,319,0
k400/xLWMLt2fDU8_000007_000017.mp4,300,dunking basketball,28,1
k400/s94sZnWO_pk_000003_000013.mp4,300,hurling (sport),22,1
k400/pkKonjhm6Dw_000666_000676.mp4,250,dunking basketball,28,1
k400/wUQduZ3i-VM_000275_000285.mp4,300,finger snapping,54,1
k400/I4RIyZDsltM_000005_000015.mp4,300,wrapping present,300,1
k400/YsEiyNMj688_000094_000104.mp4,300,whistling,267,1
k400/u_Q8DgwVSmA_000631_000641.mp4,300,hugging baby,222,1
k400/nMWNCP1z8mc_000052_000062.mp4,300,whistling,267,1
k400/Bho0Y09F8Mc_000005_000015.mp4,300,playing bass guitar,319,0
k400/XI3ZtqVpiH8_000021_000031.mp4,191,parkour,299,1
k400/eQh37QR67zs_000007_000017.mp4,300,waxing legs,129,0
k400/NN-4H058oSU_000024_000034.mp4,300,cutting nails,219,0
k400/6i9EIqjzSes_000083_000093.mp4,300,sharpening pencil,371,0
k400/dE_S7auPz48_000102_000112.mp4,300,disc golfing,29,1
k400/p9CIcEEaSEk_000001_000011.mp4,300,juggling balls,262,0
k400/z3T07IFhvcY_000397_000407.mp4,300,golf driving,311,0
k400/0HbXYa4MGUU_000147_000157.mp4,300,playing bagpipes,290,0
k400/DQm0Fz7MUtM_000002_000012.mp4,300,playing bass guitar,319,0
k400/0d5TkclKWVA_000182_000192.mp4,300,walking the dog,46,1
k400/flojhQpCUWg_000057_000067.mp4,300,parkour,299,1
k400/3AEzQclPTKg_000033_000043.mp4,130,water skiing,123,0
k400/-c0gEPZVGPo_000003_000013.mp4,300,zumba,331,0
k400/n_-k8iaq0Mc_000004_000014.mp4,300,whistling,267,1
k400/pGnzgjtqsD4_000118_000128.mp4,300,throwing axe,155,1
k400/qBa2iSIrx-g_000103_000113.mp4,300,tossing salad,132,1
k400/FRH9izvA9Go_000065_000075.mp4,300,wrapping present,300,1
k400/DoOiOKwy1gk_000050_000060.mp4,300,water skiing,123,0
k400/YcY4rvr4Xl0_000017_000027.mp4,250,hurling (sport),22,1
k400/XdpOPyBQTIA_000086_000096.mp4,300,tossing salad,132,1
k400/yAlleHGM43U_000003_000013.mp4,240,zumba,331,0
k400/BhzWVe4IObw_000008_000018.mp4,300,tossing salad,132,1
k400/sufeABe_H1I_000170_000180.mp4,300,sharpening pencil,371,0
k400/GBKRR-_OvqM_000003_000013.mp4,171,waxing legs,129,0
k400/qt6B6r2eJyw_000019_000029.mp4,300,reading book,248,0
k400/gn97KDKen_U_000053_000063.mp4,250,golf driving,311,0
k400/w_9ORDH09XQ_000314_000324.mp4,300,disc golfing,29,1
k400/LWzHEXfysMg_000386_000396.mp4,300,whistling,267,1
k400/EraTWAIeZZ8_000012_000022.mp4,300,golf driving,311,0
k400/BdejysmsL-A_000004_000014.mp4,240,sharpening pencil,371,0
k400/uftReOMM9-A_000063_000073.mp4,300,dunking basketball,28,1
k400/FaU0onvHLLg_000033_000043.mp4,300,playing bagpipes,290,0
k400/XilAaJ_r4tA_000056_000066.mp4,300,golf driving,311,0
k400/6Z8zE4XEWro_000198_000208.mp4,300,disc golfing,29,1
k400/tVG1cCloXuM_000004_000014.mp4,300,juggling balls,262,0
k400/7yjYWI-zt2k_000012_000022.mp4,300,water skiing,123,0
k400/C6rMq3kjz1A_000023_000033.mp4,300,golf driving,311,0
k400/-514AQUrSow_000058_000068.mp4,300,petting animal (not cat),11,1
k400/okf5Lc5wQ9Q_000001_000011.mp4,300,juggling balls,262,0
k400/COjYi31B7G0_000018_000028.mp4,250,cutting nails,219,0
k400/L5Rb883eILs_000114_000124.mp4,150,playing bagpipes,290,0
k400/UHYI4lHaclI_000076_000086.mp4,150,sharpening pencil,371,0
k400/-jToBK-njO8_000095_000105.mp4,300,dunking basketball,28,1
k400/VQkePUpX3Mc_000048_000058.mp4,240,reading book,248,0
k400/-bVVs-_nntQ_000056_000066.mp4,300,walking the dog,46,1
k400/hKcSZfv9gms_000001_000011.mp4,299,reading book,248,0
k400/uATr0G0Encs_000006_000016.mp4,250,playing bass guitar,319,0
k400/baFMPNc_ZvE_000005_000015.mp4,300,parkour,299,1
k400/uc67mNBQRAg_000002_000012.mp4,300,hurling (sport),22,1
k400/OMpO8f22_vw_000042_000052.mp4,164,baby waking up,249,0
k400/7mP-lZ8P2_4_000058_000068.mp4,300,playing bass guitar,319,0
k400/W5sJXu657wY_000010_000020.mp4,300,wrapping present,300,1
k400/BMz8HNkM2sw_000578_000588.mp4,300,whistling,267,1
k400/Oqj1JUUGiA4_000023_000033.mp4,300,playing ukulele,37,0
k400/uxl6HFwuWEo_000358_000368.mp4,240,disc golfing,29,1
k400/Lanbgp72WxE_000679_000689.mp4,300,waxing back,295,1
k400/vL3jnCPyCww_000006_000016.mp4,250,tossing salad,132,1
k400/gS5t7iaBXSE_000003_000013.mp4,256,cutting nails,219,0
k400/ADWSdw8C3Og_000034_000044.mp4,300,wrapping present,300,1
k400/zmDrZGRmHXM_000018_000028.mp4,296,golf driving,311,0
k400/gDSpCuBbwgw_000125_000135.mp4,240,cutting nails,219,0
k400/Jj_50MJQQRU_000082_000092.mp4,300,waxing back,295,1
k400/-yv8c2CDbR8_000004_000014.mp4,190,waxing legs,129,0
k400/UZPlojt8zhE_000027_000037.mp4,294,playing bass guitar,319,0
k400/W1wNRzgnIV8_000106_000116.mp4,300,hugging baby,222,1
k400/5-y7AGHsIvM_000019_000029.mp4,300,wrapping present,300,1
k400/Exd8whYMwVU_000327_000337.mp4,240,tossing salad,132,1
k400/pU4PNhYuGsM_000001_000011.mp4,124,playing bass guitar,319,0
k400/Zsql_t9EQ8k_000004_000014.mp4,263,waxing legs,129,0
k400/ObcpdscmqYA_000080_000090.mp4,235,cutting nails,219,0
k400/etPWp1k5psA_000119_000129.mp4,300,sharpening pencil,371,0
k400/OzMhKch4Npo_000028_000038.mp4,250,juggling balls,262,0
k400/6TfE35Fh9N0_000023_000033.mp4,237,playing ukulele,37,0
k400/kxUqbDmod8c_000046_000056.mp4,300,water skiing,123,0
k400/BS2HHfEy04Q_000018_000028.mp4,250,disc golfing,29,1
k400/0OGDlNNH14Y_000019_000029.mp4,250,sharpening pencil,371,0
k400/yMKMrpwxOA8_000010_000020.mp4,250,wrapping present,300,1
k400/m6tBO6BS2j0_000102_000112.mp4,300,juggling balls,262,0
k400/SsECTONVt8E_000080_000090.mp4,300,hurling (sport),22,1
k400/Vhf92EnnS7o_000260_000270.mp4,300,finger snapping,54,1
k400/QLMiv2Sd_zI_000001_000011.mp4,100,playing ukulele,37,0
k400/xONFPuaP9_s_000061_000071.mp4,300,parkour,299,1
k400/-g5emSW-SOg_000010_000020.mp4,255,throwing axe,155,1
k400/lcTwwWaab4I_000139_000149.mp4,240,petting animal (not cat),11,1
k400/ULUssJT_0LY_000077_000087.mp4,300,hugging baby,222,1
k400/Oq71w5JNMPs_000076_000086.mp4,250,baby waking up,249,0
k400/B029kZSTx6Y_000003_000013.mp4,250,parkour,299,1
k400/CfyiD_4zIyY_000113_000123.mp4,300,playing ukulele,37,0
k400/U4fU6TXElH8_000021_000031.mp4,300,sharpening pencil,371,0
k400/ZQIh3uZTTEo_000076_000086.mp4,300,cutting nails,219,0
k400/GTeOYQWnXXo_000001_000011.mp4,293,whistling,267,1
k400/xCtFp27ilbU_000003_000013.mp4,300,playing ukulele,37,0
k400/oCbOmPdVHS8_000002_000012.mp4,300,waxing back,295,1
k400/05DTqECiJtI_000223_000233.mp4,300,dunking basketball,28,1
k400/oUXnDxRbees_000010_000020.mp4,151,throwing axe,155,1
k400/YSVQVV85GOs_000013_000023.mp4,300,cutting nails,219,0
k400/O5jFgz3XWxs_000000_000010.mp4,250,water skiing,123,0
k400/sqQTBnp5qVo_000137_000147.mp4,150,whistling,267,1
k400/slXfO0bQZck_000084_000094.mp4,300,cutting nails,219,0
k400/drcceRgPEQw_000075_000085.mp4,300,playing bagpipes,290,0
k400/nxDAt9SkPoA_000123_000133.mp4,250,golf driving,311,0
k400/6qNqSPMvbiQ_000007_000017.mp4,300,sharpening pencil,371,0
k400/T3dd2vulC_g_000111_000121.mp4,300,playing bagpipes,290,0
k400/-ocHYDhuiW0_000002_000012.mp4,285,dunking basketball,28,1
k400/nDl682C9lL0_000492_000502.mp4,300,whistling,267,1
k400/jBdHABmxY8Q_000002_000012.mp4,300,juggling balls,262,0
k400/abcm6SdJ43o_000000_000010.mp4,300,reading book,248,0
k400/thJkxpPcgyY_000052_000062.mp4,300,water skiing,123,0
k400/Etym1-_30wM_000010_000020.mp4,300,juggling balls,262,0
k400/YSxN58jcRKI_000003_000013.mp4,300,dunking basketball,28,1
k400/wk4pp5cdyOg_000156_000166.mp4,300,finger snapping,54,1
k400/6rBlsvIxjwU_000028_000038.mp4,300,parkour,299,1
k400/8NStNQyjIXI_000054_000064.mp4,190,playing ukulele,37,0
k400/mG2SPeyzWAE_000152_000162.mp4,300,waxing back,295,1
k400/cdza9u-ES-A_000200_000210.mp4,300,parkour,299,1
k400/oPoLYdOTOt0_000000_000010.mp4,299,walking the dog,46,1
k400/tNeMAaQ_J9U_000004_000014.mp4,300,throwing axe,155,1
k400/DYCUPaSQkMo_000060_000070.mp4,300,playing bagpipes,290,0
k400/QQ7ndgQPXa0_000016_000026.mp4,300,water skiing,123,0
k400/y9YqJ3jNoQQ_000003_000013.mp4,31,hurling (sport),22,1
k400/3HXm-nQzOoc_000011_000021.mp4,300,juggling balls,262,0
k400/OSa6Buka9Uo_000114_000124.mp4,150,baby waking up,249,0
k400/9XGSi2nIY9E_000040_000050.mp4,300,waxing legs,129,0
k400/p1rsJSkjEkU_000239_000249.mp4,300,disc golfing,29,1
k400/tta3NJhi1Nk_000004_000014.mp4,300,waxing back,295,1
k400/UoX-eGeptv8_000046_000056.mp4,250,disc golfing,29,1
k400/wW9f6kOcpCw_000002_000012.mp4,259,wrapping present,300,1
k400/BuZdSvfZvaM_000492_000502.mp4,300,playing bass guitar,319,0
k400/shdYrggXezU_000008_000018.mp4,200,water skiing,123,0
k400/zs7h8ZSDejg_000002_000012.mp4,67,waxing legs,129,0
k400/hR--iDJcjgU_000069_000079.mp4,300,whistling,267,1
k400/njNPDxLHZVQ_000102_000112.mp4,150,parkour,299,1
k400/foT1PkO_Jbk_000418_000428.mp4,300,waxing back,295,1
k400/kzwWyL8a22A_000000_000010.mp4,190,tossing salad,132,1
k400/E0G6Q4C-CMQ_000002_000012.mp4,240,parkour,299,1
k400/8B-hRL4KRjs_000162_000172.mp4,300,disc golfing,29,1
k400/PmzDUqmXJOg_000792_000802.mp4,300,disc golfing,29,1
k400/dJi0Hehy_zc_000333_000343.mp4,300,hurling (sport),22,1
k400/ReOsTqcQBmY_000129_000139.mp4,250,golf driving,311,0
k400/222M12F4A5Q_000008_000018.mp4,230,throwing axe,155,1
k400/aS6tIQSRARw_000250_000260.mp4,300,waxing legs,129,0
k400/ua6OLN1mbZE_000139_000149.mp4,300,reading book,248,0
k400/NDirIT0Oo4M_000000_000010.mp4,300,waxing legs,129,0
k400/QAwvWfn9WVc_000000_000010.mp4,240,playing bass guitar,319,0
k400/TC5B_vjnY2U_000135_000145.mp4,300,zumba,331,0
k400/Upn0agL5rBg_000055_000065.mp4,300,tossing salad,132,1
k400/fwh_g5pa2Ac_000034_000044.mp4,300,playing ukulele,37,0
k400/V0jWzuLZ5zw_000001_000011.mp4,300,juggling balls,262,0
k400/Mz1n3v-fTbs_000040_000050.mp4,300,wrapping present,300,1
k400/Yb7AlxEVGxc_000383_000393.mp4,300,playing bagpipes,290,0
k400/c_orAN_W-kU_000083_000093.mp4,241,juggling balls,262,0
k400/NgY_OtDcfJ4_000133_000143.mp4,300,hurling (sport),22,1
k400/UHsbj8OUTpk_000119_000129.mp4,300,tossing salad,132,1
k400/tweM6hUt2xU_000016_000026.mp4,192,water skiing,123,0
k400/7MKZwb8ST4A_000047_000057.mp4,300,zumba,331,0
k400/PuPqth17abo_000043_000053.mp4,300,sharpening pencil,371,0
k400/Ww1FyS1twOk_000274_000284.mp4,300,wrapping present,300,1
k400/UwqZ4pRVS7k_000039_000049.mp4,300,tossing salad,132,1
k400/IcTEKzviYa0_000016_000026.mp4,200,whistling,267,1
k400/vAn26RidT1Q_000049_000059.mp4,300,sharpening pencil,371,0
k400/X9rCMmJm4KA_000060_000070.mp4,300,playing ukulele,37,0
k400/ptTcNRL3c1A_000258_000268.mp4,300,hugging baby,222,1
k400/PbYMRhwvMik_000082_000092.mp4,300,playing ukulele,37,0
k400/kV-S-yMEHTk_000043_000053.mp4,300,walking the dog,46,1
k400/r3bT6YAfyyI_000030_000040.mp4,205,dunking basketball,28,1
k400/mmfdQOtaD1A_000017_000027.mp4,300,waxing legs,129,0
k400/QNaQ_nXoqCQ_000080_000090.mp4,300,water skiing,123,0
k400/79eeiyTzfgk_000042_000052.mp4,300,dunking basketball,28,1
k400/sMsKIEQkr70_000000_000010.mp4,170,playing ukulele,37,0
k400/qPfr0lQLa7Y_000001_000011.mp4,300,dunking basketball,28,1
k400/A_0bhesqVfA_000024_000034.mp4,300,playing ukulele,37,0
k400/sp-JuMB3Qs0_000026_000036.mp4,150,playing ukulele,37,0
k400/FfYee0NphwU_000006_000016.mp4,233,waxing legs,129,0
k400/dTIKOPHcPK4_000013_000023.mp4,300,finger snapping,54,1
k400/pXRCtBhC-Ss_000075_000085.mp4,298,throwing axe,155,1
k400/NJHxOxq4sOg_000081_000091.mp4,300,finger snapping,54,1
k400/TyNWBUEU7b4_000000_000010.mp4,300,hurling (sport),22,1
k400/um4kPpZSxaQ_000003_000013.mp4,300,parkour,299,1
k400/wteNj8HZiE4_000001_000011.mp4,300,baby waking up,249,0
k400/11mwp0SbeWI_000053_000063.mp4,240,baby waking up,249,0
k400/1ZkogIfJNR8_000029_000039.mp4,188,playing ukulele,37,0
k400/qDvHCXp9x78_000002_000012.mp4,300,dunking basketball,28,1
k400/n4uALpKmtDQ_000047_000057.mp4,240,finger snapping,54,1
k400/syxhsu339nI_000059_000069.mp4,261,cutting nails,219,0
k400/--33Lscn6sk_000004_000014.mp4,191,waxing legs,129,0
k400/f06D26jaN9Q_000000_000010.mp4,300,cutting nails,219,0
k400/-3LDmFhx7tE_000063_000073.mp4,182,waxing back,295,1
k400/6p1etl9DVAs_000008_000018.mp4,150,whistling,267,1
k400/V5I2G4v4Dhg_000018_000028.mp4,300,wrapping present,300,1
k400/cqQZtjF5UPk_000477_000487.mp4,300,walking the dog,46,1
k400/2pK7hpZqV_o_000034_000044.mp4,300,baby waking up,249,0
k400/h0x_2pEWWc0_000000_000010.mp4,124,playing bass guitar,319,0
k400/H0JTbnt168I_000056_000066.mp4,300,finger snapping,54,1
k400/p50nL6cAwrU_000291_000301.mp4,300,petting animal (not cat),11,1
k400/ps78Pxo0u_c_000096_000106.mp4,300,wrapping present,300,1
k400/yCSpFVwzwP8_000068_000078.mp4,300,parkour,299,1
k400/67RcBiqRf_8_000091_000101.mp4,187,wrapping present,300,1
k400/SBhZi_AqFOE_000016_000026.mp4,250,water skiing,123,0
k400/g_8voALPxwQ_000167_000177.mp4,250,disc golfing,29,1
k400/nNJ0G2bw6s4_000002_000012.mp4,250,walking the dog,46,1
k400/QMVKvOOI3jI_000132_000142.mp4,300,baby waking up,249,0
k400/D28oqfWKAqM_000010_000020.mp4,300,parkour,299,1
k400/r3wRcByYtks_000037_000047.mp4,240,cutting nails,219,0
k400/2-M5TagOHMw_000003_000013.mp4,300,finger snapping,54,1
k400/gInBISLnxJw_000128_000138.mp4,300,hugging baby,222,1
k400/R5CNZTilvcU_000019_000029.mp4,300,whistling,267,1
k400/NoVEIJrFkdY_000000_000010.mp4,300,waxing legs,129,0
k400/LXrKzwLvb3k_000001_000011.mp4,77,waxing legs,129,0
k400/BqX7dCrqAyA_000037_000047.mp4,300,finger snapping,54,1
k400/zjDdwq7A16o_000092_000102.mp4,300,playing bagpipes,290,0
k400/dQH784Wd-Dk_000001_000011.mp4,200,playing ukulele,37,0
k400/zSLn0oYp7lg_000004_000014.mp4,39,waxing legs,129,0
k400/YguUwsDJyqc_000005_000015.mp4,300,walking the dog,46,1
k400/LDW7LLUkx8g_000004_000014.mp4,300,finger snapping,54,1
k400/w1sbPlnQpDI_000018_000028.mp4,300,finger snapping,54,1
k400/qVdeSrFMvHM_000014_000024.mp4,300,playing bass guitar,319,0
k400/S9HPlLgERUA_000014_000024.mp4,300,baby waking up,249,0
k400/jwYikLyqs0k_000002_000012.mp4,251,reading book,248,0
k400/uaem8hE4Df8_000000_000010.mp4,28,zumba,331,0
k400/SSdxlJ_iXMg_000003_000013.mp4,209,waxing legs,129,0
k400/XNcumKCc3hk_000035_000045.mp4,300,water skiing,123,0
k400/aDRdrEMNp2c_000002_000012.mp4,150,waxing legs,129,0
k400/rMPb7Ovd8VA_000085_000095.mp4,300,waxing back,295,1
k400/O6om-Xv4-3M_000001_000011.mp4,250,dunking basketball,28,1
k400/JR9-5mirB3I_000010_000020.mp4,300,whistling,267,1
k400/-jClw4auvvg_000024_000034.mp4,232,playing bass guitar,319,0
k400/eTOLOfhaHiI_000202_000212.mp4,300,hugging baby,222,1
k400/JbeJVuoNzJA_000066_000076.mp4,250,golf driving,311,0
k400/nQmo_pNhBIo_000139_000149.mp4,300,walking the dog,46,1
k400/dvUWjlmRCpA_000026_000036.mp4,240,wrapping present,300,1
k400/3VD_tup91AM_000015_000025.mp4,225,water skiing,123,0
k400/-QRY9rDrJf0_000001_000011.mp4,240,tossing salad,132,1
k400/6ilMfOk26dA_000000_000010.mp4,300,waxing legs,129,0
k400/9i-EhFgUElQ_000014_000024.mp4,300,cutting nails,219,0
k400/PGqmtuMAhGk_000477_000487.mp4,300,disc golfing,29,1
k400/wZMzMjzVCr0_000087_000097.mp4,250,golf driving,311,0
k400/nxc1S6lgaDk_000005_000015.mp4,300,finger snapping,54,1
k400/xiz-a1dW8mU_000003_000013.mp4,202,zumba,331,0
k400/dFOZOugwfg4_000022_000032.mp4,300,tossing salad,132,1
k400/CLQEnLym89k_000166_000176.mp4,300,wrapping present,300,1
k400/kbGFPjosR2o_000167_000177.mp4,230,baby waking up,249,0
k400/qabdX5N01XE_000018_000028.mp4,300,juggling balls,262,0
k400/1TWdrO8cCxA_000036_000046.mp4,250,golf driving,311,0
k400/v2ZxNLIgE10_000008_000018.mp4,300,parkour,299,1
k400/YzBHZD1M_4Y_000025_000035.mp4,300,water skiing,123,0
k400/wfXnH-aspWw_000008_000018.mp4,220,playing bass guitar,319,0
k400/z1-U0uYFY3Q_000003_000013.mp4,300,reading book,248,0
k400/3ERvls3mqjg_000007_000017.mp4,300,tossing salad,132,1
k400/sGSp_ewbR1g_000100_000110.mp4,250,wrapping present,300,1
k400/BmcleH_ubAo_000002_000012.mp4,299,throwing axe,155,1
k400/CzLx7JIwGZY_000021_000031.mp4,300,tossing salad,132,1
k400/Zfy3b2gpCgE_000012_000022.mp4,300,dunking basketball,28,1
k400/Hysscg88VF8_000023_000033.mp4,214,dunking basketball,28,1
k400/5hoTz1u_N4g_000116_000126.mp4,300,baby waking up,249,0
k400/21n6kCB5QII_000023_000033.mp4,300,cutting nails,219,0
k400/Ls6zQoV24-g_000371_000381.mp4,250,petting animal (not cat),11,1
k400/OnecTnu5bE8_000012_000022.mp4,190,zumba,331,0
k400/_adU_0hUdr8_000676_000686.mp4,300,disc golfing,29,1
k400/iPivdliORmc_000031_000041.mp4,300,throwing axe,155,1
k400/264oaD4orK0_000054_000064.mp4,300,water skiing,123,0
k400/ZV9TDsO6nA8_000019_000029.mp4,300,throwing axe,155,1
k400/z0trP4xhTNg_000203_000213.mp4,150,tossing salad,132,1
k400/dg8_9piDoIw_000007_000017.mp4,300,golf driving,311,0
k400/x702lXG8Wuc_000018_000028.mp4,300,juggling balls,262,0
k400/EtmyyJ3__tM_000000_000010.mp4,83,playing bass guitar,319,0
k400/1weYvX3nGAs_000380_000390.mp4,300,playing bagpipes,290,0
k400/Obc2Urx2Nyw_000111_000121.mp4,300,sharpening pencil,371,0
k400/-dpojmwnPUI_000389_000399.mp4,300,whistling,267,1
k400/NXYt5bcNzcs_000280_000290.mp4,300,playing bagpipes,290,0
k400/ODc8Ol8SOsQ_000203_000213.mp4,300,disc golfing,29,1
k400/UuH4qX860IM_000151_000161.mp4,100,waxing back,295,1
k400/0zeq-hN8X-U_000112_000122.mp4,300,tossing salad,132,1
k400/otCvT60K5CI_000079_000089.mp4,168,parkour,299,1
k400/OyO-B-omyS0_000038_000048.mp4,300,whistling,267,1
k400/awwbXD7N5W0_000123_000133.mp4,300,walking the dog,46,1
k400/CFIl5wrR21o_000111_000121.mp4,250,disc golfing,29,1
k400/drG1inxCGYw_000003_000013.mp4,300,zumba,331,0
k400/CAmgCqrRloI_000018_000028.mp4,300,throwing axe,155,1
k400/gU7l-VIR9tA_000028_000038.mp4,250,zumba,331,0
k400/Yk4TZyE47jk_000002_000012.mp4,300,wrapping present,300,1
k400/kEzgPnxORnA_000010_000020.mp4,300,playing bagpipes,290,0
k400/5nfCdm_Dab8_000049_000059.mp4,155,playing ukulele,37,0
k400/xBC-nypKLJU_000006_000016.mp4,126,juggling balls,262,0
k400/3f9VlqbXH2I_000114_000124.mp4,160,reading book,248,0
k400/fjKwPsk_tSQ_000241_000251.mp4,300,playing bagpipes,290,0
k400/KXYTyVaZVEY_000408_000418.mp4,250,cutting nails,219,0
k400/a-RK1G_M9DQ_000937_000947.mp4,300,waxing back,295,1
k400/B0knb-kfGhM_000184_000194.mp4,300,playing bagpipes,290,0
k400/SwxIDPITYtg_000070_000080.mp4,300,zumba,331,0
k400/vPc4FubyBSA_000017_000027.mp4,300,cutting nails,219,0
k400/_eVCAsZxcPw_000003_000013.mp4,300,cutting nails,219,0
k400/glF3R-pYFp4_000083_000093.mp4,266,throwing axe,155,1
k400/0IYm78aUXUE_000133_000143.mp4,207,walking the dog,46,1
k400/YNFv8ocICMo_000039_000049.mp4,177,whistling,267,1
k400/vfRI74PIJL8_000025_000035.mp4,300,walking the dog,46,1
k400/E6ZgFC1L178_000041_000051.mp4,257,zumba,331,0
k400/lw2Oy1QQfU8_000002_000012.mp4,300,baby waking up,249,0
k400/HnxeOzedlRg_000009_000019.mp4,300,wrapping present,300,1
k400/DZQTVlEzFuQ_000032_000042.mp4,300,tossing salad,132,1
k400/X-IOAzWC5As_000002_000012.mp4,300,juggling balls,262,0
k400/mFnaEqGSNPM_000138_000148.mp4,300,walking the dog,46,1
k400/6VLda6SPjwQ_000247_000257.mp4,300,waxing back,295,1
k400/fJ6Z8iCl7CI_000412_000422.mp4,300,petting animal (not cat),11,1
k400/GWNSJNADD1o_000023_000033.mp4,300,cutting nails,219,0
k400/gwEVTJ908SQ_000021_000031.mp4,300,hurling (sport),22,1
k400/Nv1suSwmmJ4_000000_000010.mp4,296,juggling balls,262,0
k400/RBCijFK_fBI_000027_000037.mp4,300,hugging baby,222,1
k400/2MdSyWlyxXs_000382_000392.mp4,300,hurling (sport),22,1
k400/wDk8i_8n4yc_000084_000094.mp4,300,finger snapping,54,1
k400/RI33E_IS8C8_000030_000040.mp4,240,zumba,331,0
k400/nyciBuaIZxs_000635_000645.mp4,240,petting animal (not cat),11,1
k400/ub_oR54uQYY_000072_000082.mp4,166,cutting nails,219,0
k400/--SOz3xjWfA_000037_000047.mp4,128,baby waking up,249,0
k400/_AxrqV8ffY8_000019_000029.mp4,300,waxing legs,129,0
k400/Ig-eRsgi6CU_000339_000349.mp4,300,whistling,267,1
k400/9UdSIOtUn3c_000122_000132.mp4,300,finger snapping,54,1
k400/kFpzly8y6vI_000025_000035.mp4,254,tossing salad,132,1
k400/HrcdxAgrRyo_000121_000131.mp4,300,hugging baby,222,1
k400/SKQZcxb6VKQ_000229_000239.mp4,300,playing bagpipes,290,0
k400/sU8NJEPH7IQ_000143_000153.mp4,240,petting animal (not cat),11,1
k400/KWrKMMKvjFA_000025_000035.mp4,240,disc golfing,29,1
k400/hMmmJgtDcmc_000178_000188.mp4,300,playing ukulele,37,0
k400/BbPVtRkmQoY_000038_000048.mp4,300,sharpening pencil,371,0
k400/bybPXZcXfxM_000048_000058.mp4,300,parkour,299,1
k400/ebWW_QhMZGQ_000261_000271.mp4,250,petting animal (not cat),11,1
k400/_lR3PdrCkVU_000000_000010.mp4,300,water skiing,123,0
k400/_8CWXvC1W0E_000036_000046.mp4,250,wrapping present,300,1
k400/xpx20FTLDSg_000149_000159.mp4,300,petting animal (not cat),11,1
k400/02L6JyleSLE_000313_000323.mp4,249,throwing axe,155,1
k400/_o-nriPJtcM_000046_000056.mp4,300,sharpening pencil,371,0
k400/xVFvbPiXNVU_000003_000013.mp4,150,playing ukulele,37,0
k400/CFojlfPTomU_000006_000016.mp4,300,sharpening pencil,371,0
k400/P3SUEh2bUc4_000057_000067.mp4,250,dunking basketball,28,1
k400/JC8KPZDvD6U_000052_000062.mp4,300,waxing back,295,1
k400/UCwE5xihGyY_000454_000464.mp4,300,hugging baby,222,1
k400/ZTd2_LCaxjA_000152_000162.mp4,150,throwing axe,155,1
k400/y1FlaXV3sQY_000004_000014.mp4,300,playing ukulele,37,0
k400/2gi1aSciYmE_000012_000022.mp4,300,reading book,248,0
k400/Aq0GtnK898s_000109_000119.mp4,253,whistling,267,1
k400/1G-iF_ldr3A_000220_000230.mp4,300,wrapping present,300,1
k400/V-zV57FAndg_000000_000010.mp4,300,hurling (sport),22,1
k400/vh-Os4MNlPk_000166_000176.mp4,250,golf driving,311,0
k400/HZGhG2zhCAY_000101_000111.mp4,300,hugging baby,222,1
k400/4R6oGYtwqOA_000143_000153.mp4,300,hugging baby,222,1
k400/1G2zxrAC7Q8_000002_000012.mp4,300,water skiing,123,0
k400/W_pcZWz2I84_000004_000014.mp4,300,hurling (sport),22,1
k400/JdWRc7gtJn8_000043_000053.mp4,300,playing ukulele,37,0
k400/GxOyauj2nBo_000001_000011.mp4,300,whistling,267,1
k400/t6bMyugNRDA_000032_000042.mp4,300,walking the dog,46,1
k400/g1DcjDUOnnk_000012_000022.mp4,300,baby waking up,249,0
k400/mJV6S7xlrV0_000286_000296.mp4,300,disc golfing,29,1
k400/sL_XleVUdvM_000232_000242.mp4,240,waxing back,295,1
k400/3iwxyEYa0f0_000109_000119.mp4,300,petting animal (not cat),11,1
k400/rLYnrmVt8WA_000004_000014.mp4,300,water skiing,123,0
k400/1fBqwvl99DQ_000009_000019.mp4,250,waxing back,295,1
k400/EIbz0laHOrQ_000083_000093.mp4,300,disc golfing,29,1
k400/oDDOMvWOOxU_000003_000013.mp4,250,waxing legs,129,0
k400/Jm3c8QSzJyY_000120_000130.mp4,300,parkour,299,1
k400/gA4C_6xvxmw_000002_000012.mp4,300,playing bass guitar,319,0
k400/8Za73dZkPSw_000013_000023.mp4,300,disc golfing,29,1
k400/rve5OOGHPSk_000002_000012.mp4,293,finger snapping,54,1
k400/0JhTo3GmW4A_000025_000035.mp4,240,waxing back,295,1
k400/iCtT6ZadoOM_000052_000062.mp4,240,tossing salad,132,1
k400/B7PqtWRQNbo_000316_000326.mp4,300,petting animal (not cat),11,1
k400/l8WyYM_CNWg_000044_000054.mp4,300,playing ukulele,37,0
k400/1bLrVWuHby0_000004_000014.mp4,300,waxing legs,129,0
k400/g3GJvDqtfys_000031_000041.mp4,300,hurling (sport),22,1
k400/Zr6VEZQt9uQ_000014_000024.mp4,300,walking the dog,46,1
k400/IVP8pO4Q8Hs_000084_000094.mp4,300,hugging baby,222,1
k400/l1D0EehJD2s_000037_000047.mp4,300,finger snapping,54,1
k400/B4fBVrtr3Qo_000147_000157.mp4,250,petting animal (not cat),11,1
k400/neHJsZ7hg3w_000036_000046.mp4,46,throwing axe,155,1
k400/7n_E5oMpIpY_000049_000059.mp4,300,playing ukulele,37,0
k400/d60BR0UZL7s_000072_000082.mp4,250,golf driving,311,0
k400/PRIP0HApW9M_000061_000071.mp4,250,sharpening pencil,371,0
k400/TL-jX3mjc3k_000088_000098.mp4,300,reading book,248,0
k400/O62LVI0XNHo_000015_000025.mp4,300,cutting nails,219,0
k400/OiMbDsva_Ss_000062_000072.mp4,300,juggling balls,262,0
k400/ttMkzzndsFg_000439_000449.mp4,300,waxing back,295,1
k400/JGGA_4P-Ddk_000013_000023.mp4,250,wrapping present,300,1
k400/Wq-t_EZZ6Mc_000001_000011.mp4,300,dunking basketball,28,1
k400/z-M9MLoVh8I_000000_000010.mp4,240,cutting nails,219,0
k400/k4wYU7PZuPY_000029_000039.mp4,159,reading book,248,0
k400/wM3IU5EdcWE_000049_000059.mp4,300,walking the dog,46,1
k400/RaAKqfzgFhU_000038_000048.mp4,120,petting animal (not cat),11,1
k400/8Jtk1prCKXs_000001_000011.mp4,127,juggling balls,262,0
k400/Euw6Qf0nL24_000339_000349.mp4,250,hugging baby,222,1
k400/iz8en2Dt7vE_000017_000027.mp4,150,reading book,248,0
k400/DYqY60po2ts_000337_000347.mp4,300,hugging baby,222,1
k400/eTlfd00WUHE_000060_000070.mp4,300,parkour,299,1
k400/y6IW1QTWm3Q_000002_000012.mp4,300,waxing back,295,1
k400/QA4QYXc-gcg_000175_000185.mp4,250,disc golfing,29,1
k400/kT7P7Z4JA2A_000002_000012.mp4,300,baby waking up,249,0
k400/bcHpDG7HRBE_000498_000508.mp4,300,petting animal (not cat),11,1
k400/vqirs9wPGIE_000162_000172.mp4,300,hugging baby,222,1
k400/PChmsFzTlus_000000_000010.mp4,247,parkour,299,1
k400/At8HVW4DMZ8_000164_000174.mp4,300,finger snapping,54,1
k400/MrY_E51JAgg_000005_000015.mp4,240,water skiing,123,0
k400/O07fEiov-vQ_000059_000069.mp4,300,reading book,248,0
k400/H4lcLtTEb-E_000015_000025.mp4,250,walking the dog,46,1
k400/bYBIoVwZZHE_000028_000038.mp4,300,tossing salad,132,1
k400/lOBV4Vbk2d0_000066_000076.mp4,250,golf driving,311,0
k400/bhLH4FmbDXQ_000006_000016.mp4,201,baby waking up,249,0
k400/1RTQVuK8sHw_000000_000010.mp4,272,playing bass guitar,319,0
k400/1njl6FwwmnQ_000009_000019.mp4,75,hurling (sport),22,1
k400/0f9lGSRkiiQ_000000_000010.mp4,300,hurling (sport),22,1
k400/pG0tOU-_D4c_000004_000014.mp4,240,zumba,331,0
k400/umQ5vv15kg4_000086_000096.mp4,300,reading book,248,0
k400/G-QOA5AzXQg_000004_000014.mp4,210,juggling balls,262,0
k400/SrKM5BTgqPU_000008_000018.mp4,250,wrapping present,300,1
k400/C7KAp4KqabU_000285_000295.mp4,300,walking the dog,46,1
k400/MOBC2AAtq8w_000000_000010.mp4,252,hurling (sport),22,1
k400/shW48bSGrJ0_000011_000021.mp4,300,throwing axe,155,1
k400/u_xQQu2tOn0_000002_000012.mp4,299,parkour,299,1
k400/-je0yLm8oRU_000026_000036.mp4,250,hurling (sport),22,1
k400/DkSFdTiSDa8_000001_000011.mp4,300,playing bass guitar,319,0
k400/Dx7_D7yV7G4_000002_000012.mp4,139,wrapping present,300,1
k400/39pt_hF13_k_000003_000013.mp4,295,parkour,299,1
k400/ab_OfNZPMD4_000232_000242.mp4,300,reading book,248,0
k400/JRA6h3nN908_000028_000038.mp4,300,juggling balls,262,0
k400/w3JFyURm7ok_000003_000013.mp4,209,zumba,331,0
k400/zpFaOgMCX10_000008_000018.mp4,300,tossing salad,132,1
k400/qHdlz2IJG60_000039_000049.mp4,300,parkour,299,1
k400/NKbjNJf6u1o_000061_000071.mp4,300,wrapping present,300,1
k400/2ak2W4T46fs_000158_000168.mp4,250,disc golfing,29,1
k400/rBRL04KMhsE_000005_000015.mp4,300,juggling balls,262,0
k400/WVvVKBU4SvM_000000_000010.mp4,300,reading book,248,0
k400/qX58HsaBFeA_001538_001548.mp4,250,disc golfing,29,1
k400/geOWVICngtw_000101_000111.mp4,300,zumba,331,0
k400/yaHigMmaBv0_000008_000018.mp4,300,parkour,299,1
k400/_iyEqlFFrxU_000047_000057.mp4,300,juggling balls,262,0
k400/9spV9n6N_mw_000213_000223.mp4,300,disc golfing,29,1
k400/2eIlLxUVbjY_000053_000063.mp4,300,zumba,331,0
k400/d8LIBGUxVuw_000042_000052.mp4,300,reading book,248,0
k400/GrQqGlVSuQc_000076_000086.mp4,240,whistling,267,1
k400/67FSBl8CfBU_000492_000502.mp4,240,throwing axe,155,1
k400/s-HwLkS5Sfo_000140_000150.mp4,300,walking the dog,46,1
k400/qgAoS-OVAos_000135_000145.mp4,300,playing bagpipes,290,0
k400/TAzJ2o9BH70_000068_000078.mp4,300,hugging baby,222,1
k400/bts_ZKpB82Y_000094_000104.mp4,250,sharpening pencil,371,0
k400/RGNDT-pUWyU_000085_000095.mp4,257,zumba,331,0
k400/kFyRVECzFxc_000486_000496.mp4,300,waxing back,295,1
k400/Kuu-2bhOw4A_000157_000167.mp4,300,reading book,248,0
k400/vcHzAhOheR8_000005_000015.mp4,250,water skiing,123,0
k400/D9BXyKzfhGA_000000_000010.mp4,189,playing ukulele,37,0
k400/qVoiEgXxOTU_000001_000011.mp4,300,playing bass guitar,319,0
k400/5GhAmTU8Fq8_000000_000010.mp4,60,zumba,331,0
k400/q5HAJ5vpI3M_000001_000011.mp4,300,reading book,248,0
k400/KXyOXrWiJGY_000022_000032.mp4,295,wrapping present,300,1
k400/d1xqBCytAok_000008_000018.mp4,157,juggling balls,262,0
k400/mx6M0kIfjr8_000155_000165.mp4,300,disc golfing,29,1
k400/DBGea9pST1A_000016_000026.mp4,300,parkour,299,1
k400/p-kbRhTdyiQ_000019_000029.mp4,300,playing ukulele,37,0
k400/yHjnijaA-cE_000354_000364.mp4,300,waxing back,295,1
k400/SHpIilEOwpg_000014_000024.mp4,222,waxing legs,129,0
k400/P1x6BpawGiU_000001_000011.mp4,300,throwing axe,155,1
k400/_wWwoQiITl8_000172_000182.mp4,300,waxing back,295,1
k400/GrjJSOrgM1Y_000003_000013.mp4,300,zumba,331,0
k400/UVx20kX4JaE_000002_000012.mp4,240,hurling (sport),22,1
k400/kNoAzs8ADFo_000005_000015.mp4,300,whistling,267,1
k400/Jm1r-lF68dQ_000028_000038.mp4,300,sharpening pencil,371,0
k400/u-pohRNlD6Q_000241_000251.mp4,250,disc golfing,29,1
k400/OmoC3X888rg_000001_000011.mp4,300,golf driving,311,0
k400/cC3Qi2RZbos_000001_000011.mp4,153,baby waking up,249,0
k400/ABtTPxaI1Ek_000003_000013.mp4,300,water skiing,123,0
k400/n5iwUCsD8cI_000003_000013.mp4,263,dunking basketball,28,1
k400/w8Q_OXRv7aQ_000023_000033.mp4,300,finger snapping,54,1
k400/e7VtplRQRy0_000020_000030.mp4,147,wrapping present,300,1
k400/tAffztlKpiI_000035_000045.mp4,300,parkour,299,1
k400/oF0zzafknHM_000020_000030.mp4,300,sharpening pencil,371,0
k400/O5VBggXx06o_000008_000018.mp4,300,dunking basketball,28,1
k400/TuSGTDNsexc_000026_000036.mp4,300,zumba,331,0
k400/XGat6IZ3vWE_000056_000066.mp4,300,wrapping present,300,1
k400/NBJ_deZHOWU_000019_000029.mp4,240,finger snapping,54,1
k400/Te7C61HHyj0_000022_000032.mp4,300,hurling (sport),22,1
k400/ElRtz8Qz_s8_000101_000111.mp4,300,waxing back,295,1
k400/OkkhsSA7SS0_000047_000057.mp4,240,playing ukulele,37,0
k400/DqQUvKdBFyA_000003_000013.mp4,248,water skiing,123,0
k400/abYxrz2Kx-4_000009_000019.mp4,300,waxing back,295,1
k400/hmzR04qjaz8_000008_000018.mp4,211,reading book,248,0
k400/YpgzMuysSuw_000023_000033.mp4,250,throwing axe,155,1
k400/6OV0aQq22lE_000353_000363.mp4,250,reading book,248,0
k400/AfFFjCngQCY_000740_000750.mp4,300,whistling,267,1
k400/6rSQNLqM6pw_000062_000072.mp4,300,golf driving,311,0
k400/LYAhR54SBV0_000003_000013.mp4,53,dunking basketball,28,1
k400/00cwEcZZcu4_000003_000013.mp4,294,hurling (sport),22,1
k400/yFUXgNnCaME_000002_000012.mp4,300,waxing legs,129,0
k400/GUWR5TyiY-M_000012_000022.mp4,250,golf driving,311,0
k400/C4_fYhdrSxs_000082_000092.mp4,300,whistling,267,1
k400/nyO86Yf_MA0_000197_000207.mp4,240,golf driving,311,0
k400/MRl-pPGFR8o_000024_000034.mp4,250,golf driving,311,0
k400/UXi0Cy16-0Y_000012_000022.mp4,300,golf driving,311,0
k400/B0ab3213sYY_000030_000040.mp4,300,waxing legs,129,0
k400/ch5c9K3aZ9A_000017_000027.mp4,300,juggling balls,262,0
k400/dQOTyHhTLbY_000066_000076.mp4,250,hurling (sport),22,1
k400/DHbKeEG9JW8_000017_000027.mp4,156,playing bass guitar,319,0
k400/kvhNRg4WFzA_000002_000012.mp4,240,tossing salad,132,1
k400/0tlGOxUQ0Kw_000074_000084.mp4,300,playing ukulele,37,0
k400/xLu0x1pLyys_000026_000036.mp4,300,whistling,267,1
k400/DwE5JAS90T8_000001_000011.mp4,300,playing ukulele,37,0
k400/HyYziiKCJh8_000003_000013.mp4,300,cutting nails,219,0
k400/dSmWDBOP6r4_000001_000011.mp4,300,throwing axe,155,1
k400/2mgdkontHv4_000041_000051.mp4,300,zumba,331,0
k400/G-WEI433HQ0_000015_000025.mp4,240,playing bagpipes,290,0
k400/Rfihil7FhJ0_000000_000010.mp4,300,hurling (sport),22,1
k400/x1qycXAMfoE_000000_000010.mp4,300,petting animal (not cat),11,1
k400/1djw4VYHpqQ_000109_000119.mp4,300,playing bagpipes,290,0
k400/WjDZxcdrt2M_000309_000319.mp4,250,hugging baby,222,1
k400/iTGIKFsLV7Y_000130_000140.mp4,300,hugging baby,222,1
k400/f_BLgGsgj2I_000002_000012.mp4,300,cutting nails,219,0
k400/VIw2mr5YU5s_000011_000021.mp4,240,finger snapping,54,1
k400/sZ_JfbV21Cc_000005_000015.mp4,300,throwing axe,155,1
k400/Ue3XxQ-6cz8_000237_000247.mp4,300,dunking basketball,28,1
k400/fVbRsriM1eQ_000001_000011.mp4,240,walking the dog,46,1
k400/tzLMgcEzKyE_000002_000012.mp4,250,tossing salad,132,1
k400/JjD_RZ9fnog_000011_000021.mp4,240,tossing salad,132,1
k400/U99DaKdNOGo_000000_000010.mp4,300,baby waking up,249,0
k400/dtxdkQQXja4_000015_000025.mp4,183,whistling,267,1
k400/hyxEWXwrMVs_000026_000036.mp4,300,tossing salad,132,1
k400/f3iR_d-DWcQ_000186_000196.mp4,250,golf driving,311,0
k400/u5nLbel8W6M_000074_000084.mp4,240,petting animal (not cat),11,1
k400/bmvCcudPSs8_000268_000278.mp4,300,baby waking up,249,0
k400/meaBXVZjx6M_000016_000026.mp4,250,golf driving,311,0
k400/zTOb9pHi9EM_000032_000042.mp4,150,hurling (sport),22,1
k400/fH2J2jWHR_o_000012_000022.mp4,300,finger snapping,54,1
k400/HIBxq2P0BL0_000004_000014.mp4,290,waxing legs,129,0
k400/S51wAJ5rS9I_000237_000247.mp4,300,petting animal (not cat),11,1
k400/1cj3bQAsrdw_000464_000474.mp4,300,petting animal (not cat),11,1
k400/J4pdj3g3ZDo_000469_000479.mp4,300,playing bagpipes,290,0
k400/G0H7Ci13xjM_000001_000011.mp4,300,petting animal (not cat),11,1
k400/Lqwe2Dj6tSk_000095_000105.mp4,300,walking the dog,46,1
k400/DtBGz70QrCA_000012_000022.mp4,300,cutting nails,219,0
k400/Dip_WxizKp4_000002_000012.mp4,300,playing bagpipes,290,0
k400/45pYBVw8kLY_000020_000030.mp4,300,finger snapping,54,1
k400/bXSGKUjch2s_000012_000022.mp4,197,reading book,248,0
k400/PWg2byjXJoQ_000015_000025.mp4,300,waxing legs,129,0
k400/zcqHhMI79FY_000395_000405.mp4,300,sharpening pencil,371,0
k400/3Wx4j5V0rWg_000122_000132.mp4,240,dunking basketball,28,1
k400/YXTsZnFuRwg_000138_000148.mp4,300,petting animal (not cat),11,1
k400/1G05xgDNVeM_000021_000031.mp4,300,whistling,267,1
k400/Lvku6hKqCQ8_000234_000244.mp4,300,finger snapping,54,1
k400/oRvuziGNW5g_000016_000026.mp4,300,wrapping present,300,1
k400/rg3cxZ_YytY_000064_000074.mp4,300,playing bagpipes,290,0
k400/92Z3inv5y5c_000016_000026.mp4,240,walking the dog,46,1
k400/uqJBql_H4wk_000222_000232.mp4,274,tossing salad,132,1
k400/t9H7TyC8mgw_000001_000011.mp4,300,juggling balls,262,0
k400/Yyp6WhtTEI0_000026_000036.mp4,150,throwing axe,155,1
k400/ynQtdN15S0c_000463_000473.mp4,300,disc golfing,29,1
k400/ZFLwPM9ECN0_000004_000014.mp4,93,waxing legs,129,0
k400/UUlImf3QqOk_000009_000019.mp4,300,dunking basketball,28,1
k400/IR7CPG4j6Lc_000024_000034.mp4,300,zumba,331,0
k400/XjSB9iMFKN0_000129_000139.mp4,240,tossing salad,132,1
k400/y9ZGXswajag_000115_000125.mp4,300,whistling,267,1
k400/wrlHs_EsLOY_000106_000116.mp4,300,playing ukulele,37,0
k400/PcaO-L9HPrU_000094_000104.mp4,300,playing bagpipes,290,0
k400/r1oEEYmQre8_000003_000013.mp4,59,zumba,331,0
k400/rSTXxDLYxTQ_000192_000202.mp4,250,waxing back,295,1
k400/tjduslfQJW4_000003_000013.mp4,300,zumba,331,0
k400/bNMIsZhrucM_000000_000010.mp4,281,reading book,248,0
k400/CVcpdPympkg_000000_000010.mp4,300,zumba,331,0
k400/9Yp3xMKK31w_000035_000045.mp4,300,finger snapping,54,1
k400/qzZw2ZRIGbI_000000_000010.mp4,300,reading book,248,0
k400/Bku1HQeIzK0_000119_000129.mp4,300,reading book,248,0
k400/zpl0Tut2ZpA_000162_000172.mp4,300,playing bagpipes,290,0
k400/LuAQrdOlG1E_000018_000028.mp4,300,zumba,331,0
k400/ARTWvo32zcs_000382_000392.mp4,300,sharpening pencil,371,0
k400/Fwf1RwbuWAE_000012_000022.mp4,300,juggling balls,262,0
k400/a1C9sfLFCMw_000167_000177.mp4,240,sharpening pencil,371,0
k400/JfJHfgJp79s_000001_000011.mp4,240,baby waking up,249,0
k400/9xtYwXpaiZ0_000078_000088.mp4,250,waxing back,295,1
k400/5oMteEBMPUw_000062_000072.mp4,300,playing bagpipes,290,0
k400/PrmFkJWOJPY_000376_000386.mp4,300,hurling (sport),22,1
k400/xT-3l7RKzSA_000024_000034.mp4,240,petting animal (not cat),11,1
k400/C_tBi619ORw_000001_000011.mp4,300,hurling (sport),22,1
k400/Y-kOs_LOGoM_000429_000439.mp4,300,waxing back,295,1
k400/CMVFSoI5Dlw_000326_000336.mp4,300,golf driving,311,0
k400/pkYp5Pv0fkE_000135_000145.mp4,165,zumba,331,0
k400/ddRZEWgkDCQ_000001_000011.mp4,283,waxing legs,129,0
k400/0AFL0KtXKRg_000097_000107.mp4,300,parkour,299,1
k400/ybUO43Sga9U_000101_000111.mp4,300,hugging baby,222,1
k400/yYP7gwEjaf8_000073_000083.mp4,300,baby waking up,249,0
k400/aEV2q-1Oioc_000001_000011.mp4,300,throwing axe,155,1
k400/bVDZohQJhBI_000009_000019.mp4,240,waxing legs,129,0
k400/7-Eq_Fd8c8M_000000_000010.mp4,172,dunking basketball,28,1
k400/8evJwfCA2w0_000256_000266.mp4,151,baby waking up,249,0
k400/6mgqyBHtjbs_000164_000174.mp4,300,petting animal (not cat),11,1
k400/6Qp6OT3-LQw_000053_000063.mp4,300,dunking basketball,28,1
k400/iaQPoVg8Xtw_000468_000478.mp4,300,playing bagpipes,290,0
k400/sNh-RENeKTQ_000125_000135.mp4,300,waxing back,295,1
k400/iU3ByohkPaM_000000_000010.mp4,300,walking the dog,46,1
k400/rRAt8dHA2dw_000017_000027.mp4,218,dunking basketball,28,1
k400/6ZLTuW4vH8U_000241_000251.mp4,171,baby waking up,249,0
k400/-NljOk6doRg_000030_000040.mp4,137,throwing axe,155,1
k400/blRZN-_6_ZM_000008_000018.mp4,300,whistling,267,1
k400/aOGaobvkDL0_000002_000012.mp4,250,finger snapping,54,1
k400/X8Tzn9cdCiA_000043_000053.mp4,300,playing ukulele,37,0
k400/dtf3EsCrS48_000052_000062.mp4,300,finger snapping,54,1
k400/rP0r6rTPKYY_000034_000044.mp4,200,playing ukulele,37,0
k400/p2pC1H9Kahg_000225_000235.mp4,300,playing bagpipes,290,0
k400/orPK2VO0irU_000118_000128.mp4,250,cutting nails,219,0
k400/lde7qRCvLkQ_000019_000029.mp4,300,water skiing,123,0
k400/7Jn8PS8kiLo_000037_000047.mp4,300,hugging baby,222,1
k400/-BtzVCzSnLk_000073_000083.mp4,300,reading book,248,0
k400/hE29Dt1o9lc_000384_000394.mp4,300,sharpening pencil,371,0
k400/ekD635_HVLc_000000_000010.mp4,291,parkour,299,1
k400/RSKqWW-1Huc_000024_000034.mp4,110,playing bass guitar,319,0
k400/RsiyfT6ursA_000019_000029.mp4,300,baby waking up,249,0
k400/B-eyMbEe2-4_000023_000033.mp4,53,playing ukulele,37,0
k400/QrbczcybvC4_000037_000047.mp4,291,baby waking up,249,0
k400/BjD1OkYYtOg_000001_000011.mp4,250,tossing salad,132,1
k400/67ApIrmZPw8_000017_000027.mp4,300,waxing legs,129,0
k400/is8kacH7dUg_000022_000032.mp4,300,reading book,248,0
k400/Q9_UQ2ucnYQ_000013_000023.mp4,250,hugging baby,222,1
k400/NT7GosDbEu4_000719_000729.mp4,300,playing bagpipes,290,0
k400/Kiky2Xv-S-g_000132_000142.mp4,250,disc golfing,29,1
k400/InayiuzcfbI_000004_000014.mp4,88,zumba,331,0
k400/zB1_jEqbYnc_000002_000012.mp4,300,whistling,267,1
k400/z_Da-xvfkfk_000136_000146.mp4,300,zumba,331,0
k400/M_e-bb9gJH4_000001_000011.mp4,300,throwing axe,155,1
k400/HlzYNZX-Q8Q_000012_000022.mp4,300,zumba,331,0
k400/okPx4v5yf6Y_000022_000032.mp4,300,tossing salad,132,1
k400/rVqeQ9D7EWo_000004_000014.mp4,300,parkour,299,1
k400/cHTlzKlyYgM_000037_000047.mp4,300,throwing axe,155,1
k400/tXjOdvOPSc4_000005_000015.mp4,300,whistling,267,1
k400/AaPaXxmsTgg_000094_000104.mp4,300,sharpening pencil,371,0
k400/ejkIHuXXHdM_000043_000053.mp4,300,throwing axe,155,1
k400/7GCq_0K-IGM_000386_000396.mp4,300,playing bagpipes,290,0
k400/nHLs4hwkOUc_000001_000011.mp4,300,waxing legs,129,0
k400/WEvC_iKNa8o_000001_000011.mp4,200,reading book,248,0
k400/vZbxiZu2aM0_000095_000105.mp4,300,zumba,331,0
k400/cjrk1n2CGPI_000243_000253.mp4,300,disc golfing,29,1
k400/b7708_YlGt8_000068_000078.mp4,300,waxing back,295,1
k400/l6jMv1FfGhM_000001_000011.mp4,271,cutting nails,219,0
k400/vleO-nSgafk_000076_000086.mp4,300,finger snapping,54,1
k400/9MHjWwTRBGY_000063_000073.mp4,250,golf driving,311,0
k400/XIjNH6fbLGc_000062_000072.mp4,300,playing ukulele,37,0
k400/oLF_SWtXt9o_000004_000014.mp4,300,juggling balls,262,0
k400/WvrTm5camjE_000002_000012.mp4,240,reading book,248,0
k400/kNt2KA_goXo_000002_000012.mp4,300,petting animal (not cat),11,1
k400/9_00t9hFaZ4_000053_000063.mp4,300,golf driving,311,0
k400/2MVKhBi2SZg_000045_000055.mp4,250,wrapping present,300,1
k400/Hv1r7rgekCw_000006_000016.mp4,300,cutting nails,219,0
k400/WRjr-8TeZjA_000003_000013.mp4,300,juggling balls,262,0
k400/vE8fcJI4lNY_000076_000086.mp4,250,cutting nails,219,0
k400/WbGjmiHN8s0_000164_000174.mp4,300,walking the dog,46,1
k400/rfzoYsbyjuw_000001_000011.mp4,150,water skiing,123,0
k400/JS4pPxUwxPk_000364_000374.mp4,240,cutting nails,219,0
k400/l14K-1SpqWU_000014_000024.mp4,240,finger snapping,54,1
k400/tN_dEZaVyvQ_000160_000170.mp4,250,sharpening pencil,371,0
k400/3sRz_A0WXno_000004_000014.mp4,294,dunking basketball,28,1
k400/utoq4gnDkS8_000085_000095.mp4,250,cutting nails,219,0
k400/66HbjBfN_o4_000010_000020.mp4,150,wrapping present,300,1
k400/4sY5U4LqmnY_000004_000014.mp4,300,parkour,299,1
k400/itl0hKNOXW8_000138_000148.mp4,300,hurling (sport),22,1
k400/8ge3Yx-eA9w_000034_000044.mp4,300,throwing axe,155,1
k400/8ZPxIgdJEyw_000016_000026.mp4,299,reading book,248,0
k400/D1c6W8xbF_s_000154_000164.mp4,300,hurling (sport),22,1
k400/5KAaFJZpuCg_000055_000065.mp4,300,walking the dog,46,1
k400/quWQJKnwJ3w_000002_000012.mp4,250,reading book,248,0
k400/iIfpc4EILS0_000424_000434.mp4,300,hurling (sport),22,1
k400/bgVVJxpqRTc_000005_000015.mp4,250,playing bagpipes,290,0
k400/1SH8KitF5Qo_000001_000011.mp4,249,throwing axe,155,1
k400/w_d4GpaumnI_000506_000516.mp4,300,sharpening pencil,371,0
k400/-FsB_A4A1Ks_000015_000025.mp4,300,wrapping present,300,1
k400/Yy75GaDKWDA_000045_000055.mp4,300,dunking basketball,28,1
k400/BI3EgX_VS4Y_000061_000071.mp4,300,throwing axe,155,1
k400/OPjuL0K5S8U_000003_000013.mp4,300,tossing salad,132,1
k400/xVSccu34nYA_000018_000028.mp4,300,tossing salad,132,1
k400/dl54gRr-bmc_000084_000094.mp4,300,finger snapping,54,1
k400/2zQ0if3Sq58_000122_000132.mp4,250,water skiing,123,0
k400/trx6P_Hh6bk_000075_000085.mp4,250,disc golfing,29,1
k400/BrswDIf9Gmc_000109_000119.mp4,300,finger snapping,54,1
k400/kSMQLslTVGo_000011_000021.mp4,250,golf driving,311,0
k400/jkem8LRyHtw_000000_000010.mp4,300,hugging baby,222,1
k400/PQuLB1czYRI_000010_000020.mp4,300,baby waking up,249,0
k400/qnzBD_KpyAg_000087_000097.mp4,250,disc golfing,29,1
k400/DJsDkmoCz4Q_000002_000012.mp4,300,waxing legs,129,0
k400/SZRDWgGOpXY_000062_000072.mp4,300,parkour,299,1
k400/s-bzVOev-Kg_000002_000012.mp4,300,whistling,267,1
k400/IIzmytRlCbo_000221_000231.mp4,200,whistling,267,1
k400/biiOYwzuhG4_000042_000052.mp4,300,dunking basketball,28,1
k400/mYyGxGuABjs_000068_000078.mp4,300,hugging baby,222,1
k400/l4pZzdphph4_000022_000032.mp4,300,throwing axe,155,1
k400/mF60o9sr1rA_000374_000384.mp4,250,walking the dog,46,1
k400/Cd0O3KBY2xY_000003_000013.mp4,300,wrapping present,300,1
k400/KrhZULmd18g_000032_000042.mp4,300,playing bagpipes,290,0
k400/_lQMwFpYE6k_000094_000104.mp4,250,hugging baby,222,1
k400/MRLl6RT2IGM_000187_000197.mp4,300,wrapping present,300,1
k400/ueBm5B7o8gM_000018_000028.mp4,300,parkour,299,1
k400/eGlrdtVPo20_000164_000174.mp4,300,playing bagpipes,290,0
k400/ss6__yNgVxg_000045_000055.mp4,150,waxing back,295,1
k400/60_dPIw6Qvo_000153_000163.mp4,290,reading book,248,0
k400/pOe0gAaV3T0_000207_000217.mp4,250,sharpening pencil,371,0
k400/wXXiG-5cTX0_000346_000356.mp4,300,petting animal (not cat),11,1
k400/4QkenyIJJPI_000003_000013.mp4,251,playing bass guitar,319,0
k400/5bTpbGLK3Jw_000174_000184.mp4,250,walking the dog,46,1
k400/SEMmkjkcAKk_000003_000013.mp4,103,waxing legs,129,0
k400/6cbXqLP0FHE_000002_000012.mp4,299,throwing axe,155,1
k400/XF6eJPv0tw8_000001_000011.mp4,150,playing bass guitar,319,0
k400/Vrb7jjo202c_000086_000096.mp4,300,parkour,299,1
k400/-dSUldceBAA_000031_000041.mp4,289,juggling balls,262,0
k400/aJm8LDLH0EE_000048_000058.mp4,300,playing ukulele,37,0
k400/nkVcWFbblfk_000104_000114.mp4,300,wrapping present,300,1
k400/gI043glCEms_000067_000077.mp4,300,zumba,331,0
k400/NoLmGisfNqg_000003_000013.mp4,300,playing ukulele,37,0
k400/Xl6Ixg74NpI_000027_000037.mp4,100,waxing legs,129,0
k400/yfvsAoUhpnc_000114_000124.mp4,250,waxing back,295,1
k400/rSDednOxmzI_000158_000168.mp4,300,playing bagpipes,290,0
k400/VikcRSaTnOg_000037_000047.mp4,240,wrapping present,300,1
k400/1t79Yoscj0U_000570_000580.mp4,300,walking the dog,46,1
k400/gZtIGav0u9c_000065_000075.mp4,300,throwing axe,155,1
k400/LPk5QOHylrc_000094_000104.mp4,300,tossing salad,132,1
k400/vQkO2pJYorg_000008_000018.mp4,240,juggling balls,262,0
k400/RUaFUkncgac_000016_000026.mp4,300,sharpening pencil,371,0
k400/-4m_QzxDvxc_000068_000078.mp4,250,disc golfing,29,1
k400/PPX8o-CsYos_000119_000129.mp4,300,tossing salad,132,1
k400/25bKVUUH1P8_000021_000031.mp4,146,juggling balls,262,0
k400/fJMIHGf8dLs_000155_000165.mp4,189,playing ukulele,37,0
k400/XnALKmdcvlw_000002_000012.mp4,150,playing bass guitar,319,0
k400/_7hRHaRdCi8_000006_000016.mp4,210,cutting nails,219,0
k400/Z_NfmiQMu84_000100_000110.mp4,296,water skiing,123,0
k400/OfKSSn_FyIo_000027_000037.mp4,300,parkour,299,1
k400/mzt-W2EljH0_000002_000012.mp4,300,parkour,299,1
k400/eG0Pu2uM5q0_000114_000124.mp4,300,petting animal (not cat),11,1
k400/HEzOWxsrKZo_000060_000070.mp4,100,dunking basketball,28,1
k400/uJOO3dmTRpM_000078_000088.mp4,300,hugging baby,222,1
k400/fRBJY5RHN_s_000022_000032.mp4,300,parkour,299,1
k400/iqXrMJdfD6Q_000005_000015.mp4,270,throwing axe,155,1
k400/sZBe-xmTySc_000008_000018.mp4,299,walking the dog,46,1
k400/vapBr5mE9b0_000006_000016.mp4,150,juggling balls,262,0
k400/NhOGOsbNW7M_000031_000041.mp4,300,zumba,331,0
k400/fvXMUGhKIO4_000022_000032.mp4,300,whistling,267,1
k400/rUmBZTWm_IU_000373_000383.mp4,300,petting animal (not cat),11,1
k400/SuA8XYRkwBU_000059_000069.mp4,300,playing bagpipes,290,0
k400/1jA0uQhrl4E_000280_000290.mp4,300,playing bagpipes,290,0
k400/a0iO9P2Zt_Y_000024_000034.mp4,300,waxing back,295,1
k400/jWrFdokvZIg_000034_000044.mp4,151,playing bass guitar,319,0
k400/fifsI5TBtfM_000025_000035.mp4,300,parkour,299,1
k400/nk7LfbGSMwU_000205_000215.mp4,300,hugging baby,222,1
k400/tmpm_LEp-Co_000000_000010.mp4,184,playing bass guitar,319,0
k400/u5ynx8FusSA_000116_000126.mp4,300,playing ukulele,37,0
k400/OYty6yvsaE4_000040_000050.mp4,250,disc golfing,29,1
k400/njOlUFJwdmA_000007_000017.mp4,300,whistling,267,1
k400/TDkiHCThggI_000044_000054.mp4,150,throwing axe,155,1
k400/tTnSSf52RFM_000002_000012.mp4,278,juggling balls,262,0
k400/toHt6Emmh48_000024_000034.mp4,300,playing bass guitar,319,0
k400/bSLOIaA6iFQ_000164_000174.mp4,300,walking the dog,46,1
k400/Cfn58dShvlg_000044_000054.mp4,240,hugging baby,222,1
k400/JMrSVy9mRwA_000187_000197.mp4,300,petting animal (not cat),11,1
k400/tGTf6e7y9xE_000172_000182.mp4,250,throwing axe,155,1
k400/m6Lps_ECwqo_000040_000050.mp4,300,hugging baby,222,1
k400/4YpdYssZHRY_000003_000013.mp4,300,dunking basketball,28,1
k400/6k-Uob0qzW4_000011_000021.mp4,300,playing bass guitar,319,0
k400/wuW9ZzDS42s_000003_000013.mp4,300,throwing axe,155,1
k400/c-7aCvrVkoM_000002_000012.mp4,146,throwing axe,155,1
k400/Q3UlEKUmBsM_000237_000247.mp4,300,hurling (sport),22,1
k400/z9s8IrLfcFE_000017_000027.mp4,175,dunking basketball,28,1
k400/p7gcAtB0VrI_000002_000012.mp4,300,wrapping present,300,1
k400/vOvo81B-zK8_000002_000012.mp4,27,hurling (sport),22,1
k400/8pkt92Abf_g_000023_000033.mp4,250,waxing legs,129,0
k400/436nTI4VkCk_000000_000010.mp4,300,hurling (sport),22,1
k400/sbKKz3bH9bg_000038_000048.mp4,300,reading book,248,0
k400/ZATfwKJ725E_000105_000115.mp4,240,reading book,248,0
k400/_v_VCy-5Hiw_000042_000052.mp4,300,tossing salad,132,1
k400/aRrNyjIv900_000000_000010.mp4,300,dunking basketball,28,1
k400/kj3wOV-nUfA_000010_000020.mp4,300,hurling (sport),22,1
k400/6XWYgbEKzjU_000701_000711.mp4,300,waxing back,295,1
k400/X784j_-bDLk_000112_000122.mp4,284,waxing back,295,1
k400/ToUiJX7AgC0_000014_000024.mp4,240,walking the dog,46,1
k400/UjnfkqOHQSY_000324_000334.mp4,250,golf driving,311,0
k400/J-ktLJ6iTXY_000002_000012.mp4,300,zumba,331,0
k400/HbmeFRtZqSs_000225_000235.mp4,300,hugging baby,222,1
k400/LMPT2CvlnBk_000004_000014.mp4,300,hurling (sport),22,1
k400/afBM8g-LCoo_000014_000024.mp4,300,parkour,299,1
k400/VnDRckszp7c_000006_000016.mp4,300,golf driving,311,0
k400/ln9NeisDnFU_000116_000126.mp4,300,golf driving,311,0
k400/eS0lsiym740_000007_000017.mp4,300,playing ukulele,37,0
k400/OB6U1TgQi48_000204_000214.mp4,300,hugging baby,222,1
k400/Lyu1oyQs7BU_000042_000052.mp4,250,sharpening pencil,371,0
k400/OAefZlV8mT4_000109_000119.mp4,240,walking the dog,46,1
k400/0i1lP-WyXLU_000081_000091.mp4,300,sharpening pencil,371,0
k400/PenwKrUxZto_000167_000177.mp4,250,disc golfing,29,1
k400/fJHyX1LWofg_000008_000018.mp4,250,throwing axe,155,1
k400/KG4Jq55lMRQ_000000_000010.mp4,250,tossing salad,132,1
k400/7sBgLd1izz8_000023_000033.mp4,300,playing bagpipes,290,0
k400/dku-6UDXKq8_000213_000223.mp4,240,playing bagpipes,290,0
k400/mpQwTCyf0KI_000008_000018.mp4,204,parkour,299,1
k400/oJyfsivWegE_000261_000271.mp4,300,petting animal (not cat),11,1
k400/oOLt6cStf60_000017_000027.mp4,300,cutting nails,219,0
k400/XvYo94GqFz8_000021_000031.mp4,300,hugging baby,222,1
k400/dSYxhF3VDoA_000033_000043.mp4,300,finger snapping,54,1
k400/r3nlyBrDM14_000013_000023.mp4,137,baby waking up,249,0
k400/-IU5bU9_AT4_000020_000030.mp4,300,whistling,267,1
k400/NQ0_X3ubyX8_000004_000014.mp4,299,zumba,331,0
k400/VakLcr-fxgg_000081_000091.mp4,150,throwing axe,155,1
k400/Qau2JyB_onU_000110_000120.mp4,300,hugging baby,222,1
k400/4CPpUCKy4OU_000068_000078.mp4,300,hurling (sport),22,1
k400/W492SrPsR9Q_000082_000092.mp4,200,playing bagpipes,290,0
k400/pDCYcF4_GjQ_000001_000011.mp4,300,throwing axe,155,1
k400/96AfwOj--qw_000040_000050.mp4,300,sharpening pencil,371,0
k400/uSf-fq6V5do_000001_000011.mp4,300,water skiing,123,0
k400/e1wM2BeAQME_000244_000254.mp4,300,hugging baby,222,1
k400/vGqQbZMmf8A_000003_000013.mp4,300,water skiing,123,0
k400/nSewP46BBzE_000000_000010.mp4,45,whistling,267,1
k400/43AK3JkqaYI_000006_000016.mp4,300,walking the dog,46,1
k400/yMK7_Cl0lhk_000008_000018.mp4,300,waxing legs,129,0
k400/SFxA-0TtZXA_000047_000057.mp4,298,tossing salad,132,1
k400/X6br-U6ex7g_000007_000017.mp4,300,playing bass guitar,319,0
k400/vW6fTTZM31Q_000005_000015.mp4,300,waxing legs,129,0
k400/_yi2J3Y3st8_000004_000014.mp4,130,dunking basketball,28,1
k400/rZ6RIhZMURg_000000_000010.mp4,300,playing bass guitar,319,0
k400/gpyUJCmt3vE_000363_000373.mp4,216,reading book,248,0
k400/j2iHG87wZrM_000052_000062.mp4,250,throwing axe,155,1
k400/vhUFode7uW8_000157_000167.mp4,300,tossing salad,132,1
k400/JduQGUrDUbA_000067_000077.mp4,250,sharpening pencil,371,0
k400/3jP9HNJddR8_000003_000013.mp4,150,parkour,299,1
k400/Zzrwohjh3bw_000000_000010.mp4,300,parkour,299,1
k400/esDMtgFIAtQ_000001_000011.mp4,300,juggling balls,262,0
k400/ttd1cc2ucYg_000000_000010.mp4,167,hurling (sport),22,1
k400/EhRYdxh3OTc_000071_000081.mp4,295,finger snapping,54,1
k400/yJW-DDaMZ-M_000024_000034.mp4,300,baby waking up,249,0
k400/_iO190LumRg_000068_000078.mp4,300,sharpening pencil,371,0
k400/khvY9u8a07g_000008_000018.mp4,240,waxing legs,129,0
k400/5bSfdPt6XYA_000006_000016.mp4,300,cutting nails,219,0
k400/bzUhx8PkXi4_000043_000053.mp4,240,sharpening pencil,371,0
k400/lNz00plE8HE_000024_000034.mp4,300,waxing legs,129,0
k400/xm-E8PQrz7k_000019_000029.mp4,300,cutting nails,219,0
k400/eOW-hkeWbGo_000036_000046.mp4,300,playing bass guitar,319,0
k400/t__T_nYKdh8_000494_000504.mp4,300,petting animal (not cat),11,1
k400/mwdx_T-wp58_000110_000120.mp4,300,cutting nails,219,0
k400/TsHRWJP8UVw_000091_000101.mp4,300,playing bagpipes,290,0
k400/h7BsUTcrKt4_000028_000038.mp4,241,throwing axe,155,1
k400/nfMBKABK5Xg_000276_000286.mp4,300,hugging baby,222,1
k400/bisSiRC7vXs_000082_000092.mp4,240,walking the dog,46,1
k400/zgV_kYzVyJY_000003_000013.mp4,300,zumba,331,0
k400/38o0cPpR0Eo_000052_000062.mp4,250,golf driving,311,0
k400/EUrok22l2lg_000037_000047.mp4,300,playing bass guitar,319,0
k400/k0n-tQniB6A_000052_000062.mp4,300,juggling balls,262,0
k400/dPlacuftZYM_000144_000154.mp4,250,water skiing,123,0
k400/giUxmMn8Nfs_000129_000139.mp4,250,disc golfing,29,1
k400/H2y1th4WaWU_000056_000066.mp4,300,walking the dog,46,1
k400/4LjTObjauus_000022_000032.mp4,300,playing ukulele,37,0
k400/mP_5TRwyVs4_000009_000019.mp4,295,juggling balls,262,0
k400/T4CauW_YVlA_000019_000029.mp4,300,water skiing,123,0
k400/OLXVpW94a8Y_000104_000114.mp4,300,disc golfing,29,1
k400/cDj2B42wFbQ_000000_000010.mp4,300,juggling balls,262,0
k400/CCiiothB_Zw_000000_000010.mp4,300,baby waking up,249,0
k400/n-Awmp1QsN4_000020_000030.mp4,300,petting animal (not cat),11,1
k400/BZ5bWl6t28Y_000006_000016.mp4,100,disc golfing,29,1
k400/hI5poy3ZxR4_000019_000029.mp4,300,playing bass guitar,319,0
k400/LG2hEf9ueAM_000178_000188.mp4,300,petting animal (not cat),11,1
k400/JdqZ0cjonbc_000031_000041.mp4,240,throwing axe,155,1
k400/I9o4BHsIR4U_000119_000129.mp4,240,playing bagpipes,290,0
k400/dfmob3AkPdk_000122_000132.mp4,150,baby waking up,249,0
k400/EVHx8WuPjgY_000020_000030.mp4,300,hurling (sport),22,1
k400/aFDlZInr7fg_000102_000112.mp4,300,finger snapping,54,1
k400/qYrKwUVplSw_000035_000045.mp4,300,golf driving,311,0
k400/mX-UNI3_yao_000036_000046.mp4,300,baby waking up,249,0
k400/Ij_3UvY3b8E_000000_000010.mp4,93,playing bass guitar,319,0
k400/60xhM4Q-3AI_000026_000036.mp4,120,water skiing,123,0
k400/DIrJ-X5GLyQ_000060_000070.mp4,300,playing ukulele,37,0
k400/kts3pJ922Go_000112_000122.mp4,300,golf driving,311,0
k400/w7nVWOoN0cg_000015_000025.mp4,300,tossing salad,132,1
k400/qnnf9hbSypE_000225_000235.mp4,300,hugging baby,222,1
k400/2zxsFNN_UiI_000000_000010.mp4,300,waxing back,295,1
k400/4F3HxPIT91o_000000_000010.mp4,300,waxing back,295,1
k400/dYxDwbv9c74_000015_000025.mp4,150,juggling balls,262,0
k400/DBOb1ZNzYfw_000026_000036.mp4,300,playing ukulele,37,0
k400/qOKy-y_vDNU_000004_000014.mp4,300,whistling,267,1
k400/_PfkNz5Gtos_000087_000097.mp4,173,cutting nails,219,0
k400/ZDq-epnhyno_000009_000019.mp4,195,playing bass guitar,319,0
k400/_QB3Wxlvgug_000349_000359.mp4,300,petting animal (not cat),11,1
k400/nPGctuxTMd4_000000_000010.mp4,300,cutting nails,219,0
k400/mdXhMyKlQsI_000019_000029.mp4,150,cutting nails,219,0
k400/eND-2SMjxDg_000011_000021.mp4,300,parkour,299,1
k400/L15SHO_TOj8_000019_000029.mp4,300,hurling (sport),22,1
k400/Hji79spLGcY_000106_000116.mp4,240,wrapping present,300,1
k400/viWqKg08VNc_000002_000012.mp4,300,reading book,248,0
k400/2f1o8NBxqX0_000012_000022.mp4,300,dunking basketball,28,1
k400/rpN6PQpivOk_000012_000022.mp4,250,dunking basketball,28,1
k400/GRKXs_OY4eQ_000037_000047.mp4,300,finger snapping,54,1
k400/2f93ECh_2Vc_000167_000177.mp4,300,baby waking up,249,0
k400/cdE4TX6HDBw_000003_000013.mp4,300,water skiing,123,0
k400/wGAxT5QYkxU_000044_000054.mp4,300,finger snapping,54,1
k400/jpNyGCr_qRk_000071_000081.mp4,240,throwing axe,155,1
k400/_TLSzeEWOuI_000007_000017.mp4,250,wrapping present,300,1
k400/-2jAdijiM14_000044_000054.mp4,300,cutting nails,219,0
k400/8soaBp5KiCo_000011_000021.mp4,300,zumba,331,0
k400/7mpX78LIkVM_000045_000055.mp4,284,reading book,248,0
k400/Rwvj8TdCo4Y_000001_000011.mp4,119,waxing legs,129,0
k400/aNG7GFeunGk_000008_000018.mp4,300,waxing legs,129,0
k400/aPONneIX9UE_000167_000177.mp4,240,playing bagpipes,290,0
k400/558iWbgz8RQ_000052_000062.mp4,300,baby waking up,249,0
k400/LdKC932Ufbc_000029_000039.mp4,300,baby waking up,249,0
k400/tVolIfCU7io_000103_000113.mp4,300,baby waking up,249,0
k400/7CcOX5QoraE_000043_000053.mp4,300,wrapping present,300,1
k400/r95HrwQa8lk_000008_000018.mp4,174,playing ukulele,37,0
k400/xPAOnbh78u0_000044_000054.mp4,300,playing bass guitar,319,0
k400/nQU5Na9asiM_000002_000012.mp4,300,finger snapping,54,1
k400/tPsqABAegN8_000016_000026.mp4,300,tossing salad,132,1
k400/SOkmHooUIDs_000275_000285.mp4,250,disc golfing,29,1
k400/LeAXMSYO7yw_000002_000012.mp4,300,juggling balls,262,0
k400/P2y3nBtJX38_000133_000143.mp4,150,water skiing,123,0
k400/C5MfU5zeudI_000014_000024.mp4,201,throwing axe,155,1
k400/I0bmHq62VRM_000010_000020.mp4,300,waxing legs,129,0
k400/0gevNPaaqfI_000004_000014.mp4,250,dunking basketball,28,1
k400/aK2ADoMh0ec_000045_000055.mp4,206,tossing salad,132,1
k400/rqraLuIBvyg_000020_000030.mp4,300,parkour,299,1
k400/Zg4mhpKVM6Y_000299_000309.mp4,240,reading book,248,0
k400/UVSl0adR4jc_000013_000023.mp4,300,zumba,331,0
k400/r8bZcy0V-A8_000402_000412.mp4,300,golf driving,311,0
k400/0Ec2-bgw3Bw_000569_000579.mp4,300,disc golfing,29,1
k400/lnGe0IotDM0_000026_000036.mp4,300,cutting nails,219,0
k400/hewmqXfuyS4_000000_000010.mp4,229,zumba,331,0
k400/0N3bmU-kCPI_000064_000074.mp4,300,wrapping present,300,1
k400/onVLCl2WjD0_000407_000417.mp4,300,hugging baby,222,1
k400/INNDIp9X43M_000066_000076.mp4,150,playing ukulele,37,0
k400/jW57wvXbRS0_000002_000012.mp4,200,cutting nails,219,0
k400/qBa1j0VjaU8_000094_000104.mp4,300,playing bagpipes,290,0
k400/uFqx8E4bcrI_000004_000014.mp4,297,water skiing,123,0
k400/JLEtJE6-fik_000719_000729.mp4,300,playing bagpipes,290,0
k400/ZeTQwPvcFkU_000000_000010.mp4,88,zumba,331,0
k400/HhW13wPky1U_000556_000566.mp4,300,waxing back,295,1
k400/yyBD8B9mShY_000001_000011.mp4,239,playing bass guitar,319,0
k400/hmoPcSFBYPY_000222_000232.mp4,300,disc golfing,29,1
k400/EZvZfmBBJ8E_000032_000042.mp4,296,waxing legs,129,0
k400/SeIBmRt_q1A_000021_000031.mp4,300,tossing salad,132,1
k400/N3o3Rg0kKMw_000015_000025.mp4,300,golf driving,311,0
k400/gEUUxU5jJ5M_000000_000010.mp4,120,dunking basketball,28,1
k400/5b_9xVpnhRQ_000027_000037.mp4,300,zumba,331,0
k400/HlZkBfbaDjQ_000016_000026.mp4,300,whistling,267,1
k400/NEg-wWRcLdI_000557_000567.mp4,300,hugging baby,222,1
k400/-daBSTzifXA_000031_000041.mp4,300,zumba,331,0
k400/N2RI3nEQQ3I_000008_000018.mp4,300,water skiing,123,0
k400/-mhWqo41duA_000000_000010.mp4,105,playing bass guitar,319,0
